netdata/netdata,65c3de12690f78f8c28197e09332beea32fbf7dc,6bd0c6e3c3
redis/redis,0b645d63193fb18a6646def558c37f6c7ee5d740,496375f
redis/redis,c2d8d4e648faa172a65a88fcffaf4ccc10a1ad78,9d520a7f
redis/redis,b458b2999b749950c5ea9468cfa5ab74782848c3,052e03495f
redis/redis,a4f03bd7eb44580b44f9499c53417df45e1edfb0,3d0b427c30610b45c00b2377ee28bb69974ccea2
redis/redis,29ac9aea5de2f395960834b262b3d94f9efedbd8,1aad55b66
redis/redis,971e3c51b63e7a5ced6a953bdfd2d9bd53b25e52,d827dbf
obsproject/obs-studio,df4eb8219cfcd8b74a14e3caabd56bf0f648faea,dc4e20500
obsproject/obs-studio,c13357ff91ede253346edd78d1047ffa8eefad00,8b632fa227e2df4865ad59af84af39b8c2ce8e49
obsproject/obs-studio,14bfa071688cdf36a8efa8543b0e8e2902fabf2f,d7848f3cb74
mpv-player/mpv,4747865fefbc057e0c7998c361fe41ca2e9d9d4f,e2284fba1
mpv-player/mpv,46a35e2edc1905a9cbe4674f454ef056a6d1eef4,8708f4dc91
mpv-player/mpv,0f2370476b4279040261878c601fb8015a8502d7,a714f8e928
mpv-player/mpv,221a574a503604fbda6f25f171852d99e49de06b,1f8013ff3fddd788a517656e09f5ce5d7efd928d
mpv-player/mpv,2dc8e70093d9f80a01696f059ff02784bcb7b5f0,2e7fcc5a2
mpv-player/mpv,873ae0de2af3bb84a11e5e57f6e3a8942b2263c2,d07b7f0
mpv-player/mpv,8262a4dd5296f11338b2d54190982b1e07aa1267,362015c
mpv-player/mpv,2396e62c0be8be2bb39cd2a85021a5f391a0fe54,5b38a52
facebook/zstd,dc904ad17bf608db483f6187bdbcd5ed43fea88d,bb68062c590dbd46905907dd2a63a658040a79d4
micropython/micropython,a6c35aeee873953bd9016cf63feb1a6772bdd6af,5e692d04
micropython/micropython,fd1e66edb3ef479016dbcc5aa7158d8fdfec5793,35fb90bd57e1a3259aaf67cede50628da6888485
micropython/micropython,b31cb21a3936b97af4a52b082e1f40c2061aeab7,70affd9ba22e7f62666a9a2fafc2a3c0be9ef95a
micropython/micropython,68e71eacb8f5e67f9765ccd8639ca359bc3417de,71a3d6ec3bd02c5bd13334537e1bd146bb643bad
lvgl/lvgl,57e2a6d983e101e3e022912afae76fd984caac71,3da868a0905ccbdafb4bbbf9c301d4f66eb2cf86
swaywm/sway,f7aed5c7e596bc2f03426d6a91214123000d7ed7,662466e8db773926bf61b21280194a3540ae26ec
swaywm/sway,5896781df45405d41545e6227f6749ee862e05ce,5967ee1fbcba66ea57d971b924a51209a70d3aaa
glfw/glfw,8e9a5d29a8258d2e82250102db9ae713794be321,0d599026d04ddcc2695ae938fc1864523dab7a34
glfw/glfw,fd7e737216dfdcecd4522b7d8c8dd2439d3dac3b,2c204ab52ecaa51bfd32b777aef715dae937f009
glfw/glfw,af8f9713dd807968d0cbcca77fb63a210aaa8f65,2747e47393cbca2d09db56223e735bd94b21e2eb
glfw/glfw,e47832ffcf924a0580ce79431b9601f0ca0915ee,ad9eb768c9518dbe94232e5201d318d512ad9beb
glfw/glfw,81f475bccbc0e784e8327005f2e66e3546fe8da0,105cf32e0b05e207d4cd5efa462887569ca2116a
glfw/glfw,cab41529da42f46dc6d6aec159a9b8d1d1331652,b889aa784129b3e7d1219a55a1008bd6518183db
glfw/glfw,9372ba95faabd1bb45280d201d6ccdae77bf872e,fe57e3c2921a1901390534e1e51053df70b5644b
glfw/glfw,a1154247fad6ebd1e109e4cdbc32b93266646835,72ac5badb0a188b0d912b1e4fa79a5e143253474
glfw/glfw,2023095d8e63e50fb48f28d1d5643591eec19124,8597002a177beb56db09cd1a9fca0025687dc706
glfw/glfw,0e0862cfc7694f87b5bcf1022b45c41a5f51c363,e9560ef021c101def23a5c3b383d057b2a0e58d3
glfw/glfw,d88347ee7de728466a0931c6f707926a4653df9d,e9560ef021c101def23a5c3b383d057b2a0e58d3
glfw/glfw,c43f0829936203adf2e6d42d3697e43c47092a07,4d146cb39d
libsdl-org/SDL,4c0cb94b961a90d744ef585b86791654a2936514,9ff3446f036094bc005ef119e0cf07fc9b503b8e
libsdl-org/SDL,3eb49ac8627500dd5a2960c278b4206c5c0374da,9ff3446f036094bc005ef119e0cf07fc9b503b8e
libsdl-org/SDL,a2e05480d63cac530269c846422e7de3b44e830f,919cd56b20c59249bdde3bb005aeeb8f6550f3e3
Genymobile/scrcpy,97fa77c76c5502105a3d128a0be2477a04f4fd1b,d19396718ee0c0ba7fb578f595a6553c0458da59
Genymobile/scrcpy,071d459ad7d32fb6465216a0f5df7696db3adc02,a10f8cd798023f858796b023cb846fa2184ad2c7
Genymobile/scrcpy,b9315620e2dfae363ba4ddb88d14badc88bd5dee,8c650e53cd37a53d5c3aa746c30a71c6b742a4e2
jqlang/jq,cca3e92854db2a8d8059cf31bb1c74657065024f,9760245
jqlang/jq,4d05dc55a374c076d6d3837a09246a4f4cc694c3,9760245
jqlang/jq,1cdcff1c01ff4681f8d73ec4ba9689a702c4c17a,8ca07a0
jart/cosmopolitan,1df4296208ec0cf1b2d440dfc687cb27fc4dfa09,ed93fc3dd79c440d56f7350dda77664e8c335172
jart/cosmopolitan,3851025b77fcb8aa94df8bf8e42df3d71afa16ce,3b086af91
jart/cosmopolitan,053681cb97aa3204e4577b4f2773bd10f537cf9e,4778cd4d27131374053ea797e14021fea7bb3d55
jart/cosmopolitan,86d9323a43d37b4cfaaa541a11f47aeafa24742d,3f0bcdc3ef00c2c79b1be85b1fa207d508509ac7
jart/cosmopolitan,1ff1854107a5f4c57a4492d0460d2b4578c1f3ad,c23b6ecc3
jonas/tig,e4e63b9dc9ba5c48ee26c06ca168e32c7b5c08be,2a8ef0ffbc6c52270c9ce60d16dcf2c544428f92
jonas/tig,b3c0164105c0dfc63ef04f06ac321a9f23e17577,362a579
jonas/tig,a3f39c5f3e1e92a59bac05498e8622be1819f922,328ecea246928661045cec741503df695b2dd81a
jonas/tig,f7efb4dad86bc0317f18817d243c5d7b015cdbd6,80e97cdd456dfe71d0dbf32d77a73bb5a2ab158e
OpenVPN/openvpn,8ceb9619a26f8c507bafbc6d59aed3f65a30455d,5f6c01ea6172ed
OpenVPN/openvpn,970c4bd2e473f625699bd56db44c1970a9e10ed9,db950be85d37
rsyslog/rsyslog,9bc4c49d0705db2656a56fe14a5a2cfe3f6c9ac2,9ac56b286
rsyslog/rsyslog,9e520b07a554c30b63e76e87f7cee63050ccc1a4,2d15cbc8221e385c5aa821e4a851d7498ed81850
jbush001/NyuziProcessor,a65296d5322d100a251f89b705bc404019967ff7,ec3314520bfdc2a21083499e94d680175f8064a7
limine-bootloader/limine,411d735e919d59432b017a3f9568cbd7280ae329,25e1194
limine-bootloader/limine,62198ba1b04a5d3c5a64943cfe481e6bffd11f4d,25e1194
chocolate-doom/chocolate-doom,0cd3b7e5f8634468676b3b6ff1a525837bf3de2d,b0585fa6
openzfs/zfs,55b1842f92a24fe7192d129bca7b60882080d31a,f63811f0721
openzfs/zfs,7d638df09be7482935bcf6ec8e4ea2ac8a8be1a8,1ce23dcaff6c3d777cb0d9a4a2cf02b43f777d78
openzfs/zfs,d7d4678fe65689af7f6335c7f84a190139bcbcdf,c14ca14
openzfs/zfs,5662fd57941d020e23160b271dc27f254fb5a3c6,87c25d567
openzfs/zfs,7bb1325f95d0c11a2145ff99ae15057adfbae0ac,64c688d
openzfs/zfs,6d00b5e13699c946a3f78c73defe5ff1e18264a3,3dfb57a
openzfs/zfs,e6603b7c1fc7ac01f8891b11df34d943812153e9,b39c22b
openzfs/zfs,b858767a31bc80cc9a65d1e7af70213916bfa34a,1715493
openzfs/zfs,e9e3d31d2c141af15518ce6578ef26480fe97878,fcff0f3
openzfs/zfs,1be627f5c28a355bcd49e4e097114c13fae7731b,ac72fac3eaa569902cad88053167f7d74e7fe7e4
openzfs/zfs,004324ecc646ae909e721dc9eda8b1f57e9db71b,30315d2
openwall/john,790d23b24b78b07c26c299ac7adbc100a108d9ef,00655ad63
openwall/john,cb9a35eb023a9ed208fc1b87dc9c78132fb17653,be39643
openwall/john,6d2afb2a9a2734585983c8ecee0796e444da50b0,0a026d5
openwall/john,c0e334a1f4ac3230a55bf3c471fc4c821994eaa6,f6af7d7
openwall/john,f02231c42abec510fd9c0914792b940b3075a056,6c1b599
openwall/john,2603301665a16e029225d79b75b4f56b63a48685,f5366a2
openwall/john,15949eb054300264b3d2f5de242fc1ca84b65ae7,11e5191
libgit2/libgit2,05e891f1f1bad3e2729a2e3800b314d5b63d43eb,20a2b02d9a1bcb4825ec49605146223c565dcacf
jemalloc/jemalloc,14d3686c9f3ed28f1ef4c9ec5f7bde945473194b,3d29d11ac2c1583b9959f73c0548545018d31c8a
jemalloc/jemalloc,11d2f39d96d1a1e4d35a438e184fa0785a2baf08,89e2d3c12b573310e60b97beaf178007a71d83a3
jemalloc/jemalloc,0798fe6e7056a2eb571dde06927e87635dd2e74c,0ee0e0c155a05d0d028a9972ad86b9eaac4ccabd
jemalloc/jemalloc,7d86c92c61c60b771cdf146f6187c1550a089ad1,a01f99307719dcc8ca27cc70f0f0011beff914fa
jemalloc/jemalloc,4a068644c7b60ed91c08ade8c71c2077fec4687b,194d6f9de8ff92841b67f38a2a6a06818e3240dd
jemalloc/jemalloc,7c124830a1f542b5b8d386aa33fab5aa320eb975,8a03cf039cd06f9fa6972711195055d865673966
jemalloc/jemalloc,1e2c9ef8d6778669657a057979f2a7049012e879,b9408d77a63a54fd331f9b81c884f68e6d57f2e5
jemalloc/jemalloc,61d26425e53d74f31e9f2ef3a423bf730f832f68,b599b32280e1142856b0b96293a71e1684b1ccfb
jemalloc/jemalloc,adae7cfc4a2ac66c96b0dcc83b3837ac668fc44e,e2bcf037d445a84a71c7997670819ebd0a893b4a
jemalloc/jemalloc,3ecc3c84862ef3e66b20be8213b0301c06c692cc,1cb181ed632e7573fb4eab194e4d216867222d27
jemalloc/jemalloc,fdba5ad5cc67cac8bfc247b407df1fc43e6551f9,8f61fdedb908c29905103b22dda32ceb29cd8ede
jemalloc/jemalloc,cd2501efd621b76f799d9f264385b348c6e6678d,577d4572b0821a15e5370f9bf566d884b7cf707c
jemalloc/jemalloc,5177995530557521d330486a3971469e1573d6fc,d27f29b468ae3e9d2b1da4a9880351d76e5a1662
jemalloc/jemalloc,6737d5f61ee2fa5073bf20a8387e8c261e2a29f8,d27f29b468ae3e9d2b1da4a9880351d76e5a1662
jemalloc/jemalloc,1b6e43507ed330314fffe0872f48a95a9fe502fe,1cb181ed632e7573fb4eab194e4d216867222d27
jemalloc/jemalloc,eab3b180e59d6b23fee5fd2165f96402e7341cba,0ba5b9b6189e16a983d8922d8c5cb6ab421906e8
jemalloc/jemalloc,34a7e37a71f95c957b70f88c2039eead6a33e83e,e98a620c59ac20b13e2de796164cc67f050ed2bf
jemalloc/jemalloc,a2af09f0253769cb08656ae8828a3d70123ce5bd,40ee9aa9577ea5eb6616c10b9e6b0fa7e6796821
jemalloc/jemalloc,2cdf07aba971d1e21edc203e7d4073b6ce8e72b9,8a03cf039cd06f9fa6972711195055d865673966
jemalloc/jemalloc,7b0a8b74f048c397ff2276c9d2f5311fce70bd89,0ba5b9b6189e16a983d8922d8c5cb6ab421906e8
jemalloc/jemalloc,79647fe4650ddd5325ce2cedf0fced772eed3f71,c2f970c32b527660a33fa513a76d913c812dcf7c
jemalloc/jemalloc,3c8c3e9e9b59b6e34a222816a05f0a01a68919b3,c2f970c32b527660a33fa513a76d913c812dcf7c
jemalloc/jemalloc,c7d52980275b22f64c672ebaede28dc95d4f1820,d412624b25eed2b5c52b7d94a71070d3aab03cb4
jemalloc/jemalloc,9de0094e6e085f186afd608ad874402a589ed576,3ef51d7f733ac6432e80fa902a779ab5b98d74f6
jemalloc/jemalloc,44d12d435aba23c4a99af1dddf20e1777690b348,0c516a00c4cb28cff55ce0995f756b5aae074c9e
jemalloc/jemalloc,8c83c021b0c2180d21c79a00c45c41ba8d7f4eee,b8823ab02607d6f03febd32ac504bb6188c54047
jemalloc/jemalloc,9aa1543e9c1cdd8373985e16e4610fd84caafd85,0c516a00c4cb28cff55ce0995f756b5aae074c9e
jemalloc/jemalloc,22884243250a0f7d412ca745fbf7231d69abe771,b2c0d6322d2307458ae2b28545f8a5c9903d7ef5
jemalloc/jemalloc,a15841cc7d7c60b2c72c091d8048223789f5c4e0,b2c0d6322d2307458ae2b28545f8a5c9903d7ef5
jemalloc/jemalloc,4a8abbb400afe695f145a487380c04a946500bc6,b8823ab02607d6f03febd32ac504bb6188c54047
jemalloc/jemalloc,3763d3b5f92d855596e111a339c1fa9583c4602a,aa5113b1fdafd1129c22512837c6c3d66c295fc8
jemalloc/jemalloc,9d2c10f2e83e9a357630bebd220e02a2ef95d6fa,0c516a00c4cb28cff55ce0995f756b5aae074c9e
jemalloc/jemalloc,e3195fa4a54344cf707d30e510e91ed43f5a8b84,0c516a00c4cb28cff55ce0995f756b5aae074c9e
jemalloc/jemalloc,08551eee586eefa8c98f33b97679f259af50afab,8a03cf039cd06f9fa6972711195055d865673966
jemalloc/jemalloc,9cb481a73f6d2b518f695a669c1f850e477fdd2c,8bb3198f72fc7587dc93527f9f19fb5be52fa553
jemalloc/jemalloc,d260f442ce693de4351229027b37b3293fcbfd7d,8a03cf039cd06f9fa6972711195055d865673966
jemalloc/jemalloc,708ed79834fc3b8e5b14dbb0128a0ebfce63a38f,594c759f37c301d0245dc2accf4d4aaf9d202819
jemalloc/jemalloc,b4330b02a8a909aed71c46d2c661d69545628fb4,594c759f37c301d0245dc2accf4d4aaf9d202819
jemalloc/jemalloc,6bdeddb6976a9e372caafa6c5b270007b07c41ae,de249c8679a188065949f2560b1f0015ea6534b4
jemalloc/jemalloc,5716d97f7575708453ca477651eff6f1ac653dd1,8a03cf039cd06f9fa6972711195055d865673966
jemalloc/jemalloc,4becdf21dceeeaaeec37043ce59d654c214363e2,8a03cf039cd06f9fa6972711195055d865673966
jemalloc/jemalloc,65db63cf3f0c5dd5126a1b3786756486eaf931ba,8d6a3e8321a7767cb2ca0930b85d5d488a8cc659
jemalloc/jemalloc,7e336e7359ec50f06ec73f29033c7807148bf476,8d6a3e8321a7767cb2ca0930b85d5d488a8cc659
jemalloc/jemalloc,04211e226628c41da4b3804ba411b5dd4b3a02ab,602c8e0971160e4b85b08b16cf8a2375aa24bc04
jemalloc/jemalloc,764b00023f2bc97f240c3a758ed23ce9c0ad8526,602c8e0971160e4b85b08b16cf8a2375aa24bc04
jemalloc/jemalloc,d69964bd2d31387f79a5f0494de8fd255b693afb,602c8e0971160e4b85b08b16cf8a2375aa24bc04
jemalloc/jemalloc,738e089a2e707dbfc70286f7deeebc68e03d2347,339c2b23b2d61993ac768afcc72af135662c6771
jemalloc/jemalloc,02e5dcf39d4995d2f37d0b18aa8511973938ac51,cbf3a6d70371d2390b8b0e76814e04cc6088002c
jemalloc/jemalloc,3a8b9b1fd95b1bb9b3dc00f6798eeb40d5100b7b,8bb3198f72fc7587dc93527f9f19fb5be52fa553
jemalloc/jemalloc,f11a6776c78a09059f8418b718c996a065b33fca,9c43c13a35220c10d97a886616899189daceb359
jemalloc/jemalloc,9d8f3d203327a7ee9ba92814e1fd8a7d1b9c421b,602c8e0971160e4b85b08b16cf8a2375aa24bc04
jemalloc/jemalloc,c3e9e7b0412e97e4976507f914fd39901b023537,6e73dc194ee9682d3eacaf725a989f04629718f7
jemalloc/jemalloc,6e73dc194ee9682d3eacaf725a989f04629718f7,602c8e0971160e4b85b08b16cf8a2375aa24bc04
jemalloc/jemalloc,6fd53da030b5e9161a49d6010a8b38499ca2a124,602c8e0971160e4b85b08b16cf8a2375aa24bc04
jemalloc/jemalloc,1522937e9cbcfa24c881dc439cc454f9a34a7e88,aa5113b1fdafd1129c22512837c6c3d66c295fc8
i3/i3,8ce5f2a21bfc2194a0cca1da223778bcb29872af,7154fecbb
betaflight/betaflight,dd3f2a14489828c5bdec4c9a8616343d24955445,87c8847c13d7f759548c2384e400d2bc387b159a
betaflight/betaflight,6eaca17cbd56a845071d0583a4ae9e9ca827296c,0359a32
betaflight/betaflight,db36cfe12e70171c8d986b8587e2183dad0dc156,c06fd78b834582349e1aaed07f582ae0c9fd3462
unicorn-engine/unicorn,b1459f7554fd029a4a40b3136e226d4cb87463d2,fbef45b18f2f59d9699af54c6ad6ac73eaba3b29
htop-dev/htop,4ef3e1f1bb014cec9504e5247d0a0ad999597b9d,74b28849c4ee7234aa6018667ff6c8c9a6b41273
fontforge/fontforge,a18865e9a215639ce1e7e229387dac87c87c5002,36554a668c7cf3445a5e9eae0cffb675d20395e4
fontforge/fontforge,11e82177a24eb8487311e06a5cb125fa9772c893,3cb817b81abedf1b37b958b6a1d32f9079a7147b
fontforge/fontforge,4f19aa6bef1f34ef99f196de419ee464d8b5fa71,82322a4a4898aeb099b2a1f834bd111bf434ea3e
fontforge/fontforge,9c341c813964b6d96ee6504e14202fd0a140e329,3cb817b8
sparklemotion/nokogiri,d60cf83cca4ac3263b86438fae59d0568b4a0757,2e2b204804108c5c53284bb48cf6c06ac553d120
sparklemotion/nokogiri,1d6264f0863c5be7bcf98730e28c6af5e88bb973,00bd8d5
sparklemotion/nokogiri,3146e4dfe3dd105826ac993e017b930856010356,2675a7527c
ponylang/ponyc,17be6cce969f16016bb76dcc2a3c0b2187c79d9c,fee5e5c
ravynsoft/ravynos,4e8d558c9d1cf3e7e424e3fb123b01979c3d57f2,f63811f0721
ravynsoft/ravynos,7623cc8f65ab1b28690d4a6580ae87b7926ed008,e582d4a2b09e
ravynsoft/ravynos,8b19898a78d52b351f4d7a6ad1d8b074d037e3b7,555a861d6826
ravynsoft/ravynos,fd6ca665d206b74970e7c01d06ae06fed71500fc,56070dd2e4d
ravynsoft/ravynos,4fa690be2cfcda81eb6d1f61025d0baff6fcc19f,79a100e28e3c814773bb4c1826cfa25fbe31140e
ravynsoft/ravynos,88024c4a520bf762cf4154d730ad9784ed2acd90,26c29e743bbdbb82762540f72d4bc449bae2e092
ravynsoft/ravynos,58de61b9967b36f5fbd34e8b51ece7b4b772f104,228e2087a32847fa51168f3f0c58f931cb2cb0f8
ravynsoft/ravynos,d6f9c5a6d2f87865f9714d2b8dfd1a9f3080c71e,e0a0a3ef
ravynsoft/ravynos,da80e76821e7dc7ca2b87e711399c198d578604e,228e2087a32847fa51168f3f0c58f931cb2cb0f8
ravynsoft/ravynos,10625515ad47b52f38c13f4f1d8f8c848e9df4ee,e0a0a3ef
LumaTeam/Luma3DS,635235c86cd902e95caa0bc3cdbd29044897f446,7074ac1
mozilla/mozjpeg,51d021bf0168ee2d6ad79f70248a88b7f57156d0,7bb958b732e6b4f261595e2d1527d46964fe3aed
mozilla/mozjpeg,7bb958b732e6b4f261595e2d1527d46964fe3aed,e8b40f3c2ba187ba95c13c3e8ce21c8534256df7
mozilla/mozjpeg,d51830473a76304112756852723b81b10899a582,837e471a90e79b37cb4f7ef9950321f48c7c5f41
mozilla/mozjpeg,837e471a90e79b37cb4f7ef9950321f48c7c5f41,300a344d653d4a8779706e42828d945c6a53ff9d
mozilla/mozjpeg,300a344d653d4a8779706e42828d945c6a53ff9d,fc01f4673b71c0b833c59c21e8c4478a9c4bcf21
mozilla/mozjpeg,89ceac8c859f0ccde21cdff9dbcdee94d96488c8,fc01f4673b71c0b833c59c21e8c4478a9c4bcf21
mozilla/mozjpeg,427c304595f6d49f5d94d7fdf8bed594705d1b70,d7790789a6c3f0867175d781948e9d10fc55520d
mozilla/mozjpeg,d0015876ec798dbf03df23d98b72161704c7c57a,fc01f4673b71c0b833c59c21e8c4478a9c4bcf21
mozilla/mozjpeg,a405519e961aeee3096f7bff45be6330dfa054b8,9120a247436e84c0b4eea828cb11e8f665fcde30
mozilla/mozjpeg,2849d86aaae168fcac2e1b6c373c249781a41c5c,087c29e07f7533ec82fd7eb1dafc84c29e7870ec
mozilla/mozjpeg,512a7c3a51071981e4b314c9bc029f1daa3fb72b,8fa70367
mozilla/mozjpeg,4de8f6922a9be7d0a51a429e367283fd40031b26,8fa70367
mozilla/mozjpeg,40557b23015d2f8b576420231b8dd1f39f2ceed8,a46c111d9f3642f0ef3819e7298846ccc61869e0
mozilla/mozjpeg,c0b16e3d2b35b5b5d805832fcfa615300c6e345b,479501b07c0afd8912a0e0f5b4740cfce9a89a4c
mozilla/mozjpeg,b25adabcfab4470e0ee4758e8b0bd580dbf9519a,2a9e3bd7430cfda1bc812d139e0609c6aca0b884
mozilla/mozjpeg,c868e41b228d9782adde5e78c75e8b73150c2a0f,950580eb0c020598a4c6c8aa46c86e31062e1ddc
mozilla/mozjpeg,c743009717878cb22a5434c798dae5d3879d6ca2,a09ba29a55b9a43d346421210d94370065eeaf53
mozilla/mozjpeg,6aae0077453d69fde49d423ce01d44b51dc568a2,f9134384b728d8943f252b27464d83c4b7b2d159
mozilla/mozjpeg,a0047bdea4d11dfeefb9ea797865b1a2ea0a665e,dfefba77520ded5c5fd4864e76352a5f3eb23e74
mozilla/mozjpeg,dfefba77520ded5c5fd4864e76352a5f3eb23e74,a09ba29a55b9a43d346421210d94370065eeaf53
libusb/libusb,7cc06ea5c7c3b36801421a6be17b51b92c1bc05a,6cae9c6
libusb/libusb,fc9962027f2c4f22f2c5e7853d737ef89aa5b6a3,05b0b55b
axboe/fio,323876fbe897cf5748d94826380d7d907ebbee17,8c43ba62
axboe/fio,d33db728d79386d544be93c24f4e3383f2a47143,8c43ba62
nginx/unit,78e1122a3c94a150219b4b6e1e594ae5bfdd8d68,a0327445
haproxy/haproxy,c16eba8183a0f362cd7d72beba3080ecf5449c87,64c9c8e
haproxy/haproxy,9d4a44e7137fba2c7ca2823174ba1168290a1c3b,2462e5bcc
haproxy/haproxy,63a6f26a861b8cd3430d964317db1276544024c0,9f7cfb0a56352188854bdaef9617ca836c2a30c9
haproxy/haproxy,43899ec83dea8e10c21e6a907eb76391c463cc2f,f3eedfe19592ebcbaa5b97d8c68aa162e7f6f8fa
haproxy/haproxy,efc5a9d55ba46a934f1474802b90c679461ebc92,c55015e
haproxy/haproxy,87138c3524bc4242dc48cfacba82d34504958e78,13a9232ebc63fdf357ffcf4fa7a1a5e77a1eac2b
haproxy/haproxy,24be710609fe24781b489339273beec29114a3b8,150bfa8
haproxy/haproxy,17ab79f07db305c5f086f4e8fab1e3a6d38bb620,13a9232ebc63fdf357ffcf4fa7a1a5e77a1eac2b
haproxy/haproxy,f4f14eacd37e9de47bf9ecfbbd04a68baf6617ee,85888573
haproxy/haproxy,858885737c1d2672d5b1ba80a58c0bb585a0b981,b90d2cb
haproxy/haproxy,3f25ae31bdc0e7a178e75e2cd08e8deb6bfe101e,4c5adbf
haproxy/haproxy,541a534c9f64c505380b936ff15ce91a8179dfa0,44b3532
haproxy/haproxy,9417f4534ad742eda35c4cc3d1ccb390f75ea4b1,1b8e68e
haproxy/haproxy,04636b7baca1bd03191c30bc173c19fede73c048,355b203
haproxy/haproxy,d913800a7d680fdd7e7864463d5fa936b9d58fa8,0b3e849
haproxy/haproxy,99b90af6213809a018e89988d7139f7048e97208,4f45bb9
haproxy/haproxy,c3cd35f96cbb6739dace9906448c5a68f554d96e,4f45bb9
mruby/mruby,b47c8b738ae3e400ec02269fae9857222218e9d5,375d22b
mruby/mruby,ca49936468a5b2f10aa743ad2363ddcf29ff96d1,2fe556d9c039839c20965a2c90dff703f04e40ec
cjdelisle/cjdns,6e7b032a167850bb1d0226ef96b3f688e6e16dac,3d67b01ed4520436213818b1a50d1f7271a07b91
OISF/suricata,ba99241957b8fd2f1478bf3d1929eedb4f7094ab,a24d7dc45c818054f97448ce42ca9ba270b3b8e4
rainmeter/rainmeter,96baa7d214f72ecb33362b68fcd7c9fb3169f89b,262bda7
rainmeter/rainmeter,fe255e1b4e99946d435498f872acf7a951caeee5,0b84213
rainmeter/rainmeter,63f5eed742b07369e9a286d7160b38b1093dc001,38ec6c3
tianocore/edk2,1a6c837638e4081b5154fd224666a80e1eda85fe,2306555bf908
tianocore/edk2,2be4828af1c92a848af90429a9a0b44544c80553,818283de3f6d
tianocore/edk2,9790f62be1aa5ee9460d4c4ec8c720919523bb62,0d85e67714e31e0dbe4241ab2ebb7c423aba174d
tianocore/edk2,04dd0cb972cd35f4bf59f5692096a65b840156d5,7a0df26
tianocore/edk2,ade71c52a49d659b20c0b433fb11ddb4f4f543c4,684db6da64bc7b5faee4e1174e801c245f563b5c
tianocore/edk2,1c4cecc9fd314de0dce8125b0d4b45967637a401,2ec7953d49677142c5f7552e9e3d96fb406ba0c4
tianocore/edk2,5e45a1fdcfbf9b2b389122eb97475148594625f8,041d89bc0f0119df37a5fce1d0f16495ff905089
tianocore/edk2,61a62fc2587ae4d01718124f28e1ea0e60375902,bb685071c2602cf786ea84c69bbebf2158194a38
tianocore/edk2,fea5e28658c672ce2cbe38d0927ab27beb792097,03c36c36a3
tianocore/edk2,ae57950fc878618083bca435fa4bc00d4bec97c1,ac4578af364
tianocore/edk2,4423f0bc613b5451feaa546c3f330ad625d65638,855698fb69f
tianocore/edk2,8b0e67821bd66af70433ee4bb858325f3033609a,eca980c0c899
tianocore/edk2,e037e88cd81d4ac63dd627719c87c305bf0b439e,0c9f2cb10b7ddec56a3440e77219fd3ab1725e5c
tianocore/edk2,f1f8ce6de780ac03abdd5655560890f0b5989a41,d7a09cb86a0416c099fa3a9e0fbe2c8f399b28de
tianocore/edk2,1662676d58cfe56ca98d2b7aab5e49c595ee4915,d7a09cb86a0416c099fa3a9e0fbe2c8f399b28de
tianocore/edk2,fe882c01122e7e01e0e78ca8da64630faf9a7b5a,5919a9600e07
tianocore/edk2,c882bdc6712314f255c92d7c951eaf9760a9de38,0a28d02d9fb5293757c507e592a4d0404a7ecf74
tianocore/edk2,0c687d02c76592832de73850e1dc81115311318a,cd64301398876d0b3700f882b3eea12657510a70
tianocore/edk2,d0a23f9f86dc39065429dc954adbc56b099b801e,196ccda08fc4
gluster/glusterfs,45877363ce5dbb9b86138b4f6548a6b8ff747251,90cefde
gluster/glusterfs,759ec2877c5d044af0f2739cd543fbbbb0c26c00,70e6ee2
gluster/glusterfs,63ad603542044e473118d33bcc02f121c86beaa7,2ca6441
mpc-hc/mpc-hc,64ab5d7e1e539ff16f8d11ef99549d3f0c91c190,c1c4bc50d34c14a5865d24ab1f4ace4c3115a895
mpc-hc/mpc-hc,8e7c664c37d2f90ec78e3cf15f67b7a798cf4c77,a442540b53b8a040ec0cfd95fce6743922ac386f
ossec/ossec-hids,4ac9d2b09de20cb2b9b6af6e44236b354ec51826,6347a4903a4ef84756eb15238de608bf61710bba
RfidResearchGroup/proxmark3,89cbe3c7df34f7a98828c56d2f6d1dea2a1d5d07,8543db11b59f34ca120a1e6eea7f5b43adee8dac
RfidResearchGroup/proxmark3,2a150b8c6b9b6e9efc600e0821e176ba7ed2682a,ab9dab32947f10c009e30a0a446e8bd021d41988
cloudius-systems/osv,c9e61d4a45d88d8c8e79cd52fbcd38b91b291d5e,82513d41350245
varnishcache/varnish-cache,3730f544db89ab487c0e0e775969edf9c12f63b6,eabe58bc6633012dd01ba8f2a131f4e8cd351b2e
varnishcache/varnish-cache,05356fb7c6c10d3ddd9766f474da679046922422,c1352b0b0ece8028317c838751d9042a55347cd5
varnishcache/varnish-cache,46a6a3af681644f43e2e813ee68f8bd53b4cd1bb,340abd0456e4
zsh-users/zsh,99fd8c0fe97b6e481ea41c16c753f3033aa1b47a,aa160fc8
westes/flex,3726c1a88d61630ad69c99944e736b169b9ea6b1,3603f033509d5a214b603f60ce4dd6ed7819843e
openvswitch/ovs,65bfce4ae0603c8c3576acc5b3cd1ba5afff4c00,cf3b7538666cd1ef
openvswitch/ovs,be58eabb281bafffc2eb60c2ee31446f312a2a83,10e576406c7444ef
stephane/libmodbus,0c131f83302dd7ef41dee58a6a1d7a120f544a82,83c34102
HarbourMasters/Shipwright,1b158015e66e4fbf095bd8ea2b6f8b4480a95790,73052617eda789f957040f98d9368d9cf453a123
DPDK/dpdk,a91fb48a8c248293f1035cdd8b36ad712ae9478f,b10231aed1ed
unbit/uwsgi,a6b1680f119306fb5995d649b9ff17f46f28838a,00dce4265784903a3bf440834ab269fceaf5a14b
krakjoe/pthreads,4e296c542294ddc65bdb9c10ae6e1dd770a986e7,edf81d3cc0f34c1fcb3f8f14435a9a122f6e482f
neomutt/neomutt,a6ba22b683249334c4c991b87dad2826c6429141,04892a48ea76b37f6aa9b369b5bc4f5cc362878c
libffi/libffi,3e2b84d295531720917bf46afc532fc6d877e3ec,b5fed601948237037513a9b7f967c8fc6c9ff1f6
collectd/collectd,e8719df2ed7b9480ffcecc0b68993b74a0714b11,3b9c7b2
collectd/collectd,a07f44c9cd5828a84545dcfe22544bfed2ea8812,3b9c7b2
collectd/collectd,6b6daae34fbb90a5a7b25915ea2f62e1a58f405f,d327beed4d1541d883c4823485b381d1dff79039
containers/crun,9085e62fa2d540f1e5b2b08f8b08143a3c5df064,7179d71afd608f5e85740b2b4b83f9b41fbe1b15
containers/crun,785675f88f9ee37b7faa9bec98c76caffda51afd,fe15d5651a132288f1e894c60f75852beea217e2
containers/crun,53e4621a62faf6a0e561bbb878a847e11c1a947a,d1f136875a205e2055215776e3d46f7b55065865
spdk/spdk,c9d3d5a1595f92e8834ad4b5e826c6ae08fd8bf2,9307ff5a
checkpoint-restore/criu,01f113ecd3c7d6ed510f4076d1eda76fd9d2e6be,01f8f8f4
hexchat/hexchat,e7c88e0f83f40f9d020aa7d2783e95dff55f323f,03767ee0f98
NetHack/NetHack,ba5efe7f61598b731f7c8d0c28ecc43e2a978061,f218e3f15e2d5525e817fb07e6a8b4773f296073
rubinius/rubinius,873103ef400eb800865b72ef6cffa2e48c9fde01,edeffe90517
xemu-project/xemu,930e239d11e28a3e8c01bae6c38f8894cfe66eb3,4987783400
xemu-project/xemu,df72184ec15829053b3bb5a0d5801773b6d9ec25,2f2b18f60bf1
xemu-project/xemu,32a354dc6c07d766e70b51f42a62d8cd479e3f82,cd5ff8333a
xemu-project/xemu,0eaf453ebf6788885fbb5d40426b154ef8805407,e6df58a5
xemu-project/xemu,dbb6da8ba7e02105bdbb33b527e088249c9843c8,848a1cc1e
xemu-project/xemu,abebf92597186be2bc48d487235da28b1127860f,15fa08f845
xemu-project/xemu,4ae4bf5bb16bd8e5b94433db9fe8265d30c53ba3,d62644b4
xemu-project/xemu,6dd836f5d32b989e18c6dda655a26f4d73a52f6a,42043e4
xemu-project/xemu,b8e999673bd479eed7e71a5e8bc468bca4e31d7d,6063d4c0
xemu-project/xemu,82a93a1d307064f35c363f79b04b0a0149ac53d9,aab9913
xemu-project/xemu,fb0e8e79a9d77ee240dbca036fa8698ce654e5d1,9b6a3ea7a699594
xemu-project/xemu,349a3b1cc9023f67f8fa336cb3c4a8f21a4aaaf3,595a4f07
xemu-project/xemu,d32934c84c72f57e78d430c22974677b7bcabe5d,5d24ee70bcbcf578614193526bcd5ed30a8eb16c
xemu-project/xemu,4f306496183d81aed4b43762cf3bfd6e054de767,39097daf15c42243742667607d2cad2c9dc4f764
xemu-project/xemu,8a8f5840082eb65d140ccfe7b128c92390cce1c3,fb6d1bbd246c7a57ef53d3847ef225cd1349d602
xemu-project/xemu,ddcb73b7782cb6104479503faea04cc224f982b5,b9d03e352cb6b31a66545763f6a1e20c9abf0c2c
xemu-project/xemu,f354b1a1ee7a1c72d51b42808724a2b10eec315f,8bf188aa18ef7a8
xemu-project/xemu,f1829782d6cb931973d71649f8ad1dad66188c34,610b823ef66b993660f1ab1447a769f190e4f3b3
xemu-project/xemu,5e59b024351f827f903f98ae522687ea53dc4f23,f90c2bcd
xemu-project/xemu,2da8bb92fb128e686dc9e055defbc5652f7c001d,80376c3fc2c38fdd45354e4b0eb45031f35587ed
xemu-project/xemu,29f91781bd300b228d9c38b9f6c1e0b6a38f25fb,0bfcd599e3f5c5679cc7d0165a0a1822e2f60de2
xemu-project/xemu,81bbe906c89b6b7af58a1eeb96ec5a0bfdc3386f,703e0e89
xemu-project/xemu,49c3c8dca7b324d0aed590bb747be2179cc631cc,869a5c6d
xemu-project/xemu,523e727d46277688c05d2d85623ca3afd917add9,d19076faca944c31bb051b95d285e75ec67902f7
tvheadend/tvheadend,facbd4e4b79f6175daa45bfe5d724b8304648c12,76d8fc8bc5455322558c764c84755ebbba254ad5
tvheadend/tvheadend,abcb0ea676e7b7e822be990aae7df1aa8ff5b990,7b95ba4cf9113ae8808b3e4a9425010b607dbaca
tvheadend/tvheadend,4741b3c1901d4c998b1c5ef7c777728b4827e828,86f3617c8972c5362e51cee7d34cc2d69d799126
Legrandin/pycryptodome,860523d288793d0ebc4867ea0d5234712562bc32,e053629
gpac/gpac,c5f08cda6a17dd484721a7e1b20d4c5e10b63d46,fc3dda25
gpac/gpac,05ebaaf712cfe11a77b3290143426cbce441e4ee,c08973cc
gpac/gpac,ff0259744b7c37541949d562ca085a14fb5974ec,ed4c942f
gpac/gpac,2a9436ba354964936b6ebc953afa5f6117c4e267,f8ce5083
gpac/gpac,b23408b107fdec60425364464352d56bfdf53366,621f1cab
gpac/gpac,9400cfb05645fadf8297e988a218647d71050af3,c68d8a53
gpac/gpac,b22e3409c6741e75373952396c642ed046bff6b6,94cf5b14
gpac/gpac,76caa7f5d069f203c4b8a17ba15185665ae96dde,5e1f084
gpac/gpac,2f3c519c7bf161cadcf24e40570ca58f5fc668ca,7bcb436a
gpac/gpac,7bcb436af55e5ac01f28bd77b6a030f7d9aa145d,04c6c8f
gpac/gpac,58cb738aa8bf640dbb4fde310b8bf7decd2dfa78,7bc17e49
gpac/gpac,08da0ccc9e1f4838a505d03f3d23609edfabe158,09d7ef63
gpac/gpac,b9158f89f52e527aca97f6b4720c66697bb7a5c6,9fd9fe05
gpac/gpac,9fd9fe05b420107eb214c59d2df832b661293e1b,9e14ae6a
gpac/gpac,905980e05f79e224efd1f3ff992089750ad1ea55,f97d1561
gpac/gpac,40b4583f8c2f1e09a353b7956f9f4e4f0e7c566f,fe96c94c
gpac/gpac,80af694aa0246083f5a90d8402775077a6c49536,ff8a086f
gpac/gpac,d003a572d57940460eb0bffbdbb824b59d4ddac9,7bb1b4a4
gpac/gpac,b4d25ac3bd6e852eb017d941de03ee3dde56cea2,ca1f79a5
gpac/gpac,27742acf45d59e4f0db64dd04eeb327be6baccc4,db0079c
gpac/gpac,ca4000510c12e5d197d6aab16a807de54b6c9568,db0079c
gpac/gpac,34b350588bda977b4ddbc77323843b059cfd92b6,d699e586
gpac/gpac,99c6dbd9bbca67a25705858a58fba3157514a72b,528d8ee3
gpac/gpac,cbe62b08c82b07a6da7805b862b278aabf2a202c,1392d904
gpac/gpac,817d073a501b9e32afb6237a4594630ce55bc807,281f990b
gpac/gpac,78a8795859c9b86f34d24a839bd742f121234511,b8f8b202
gpac/gpac,7b20f80fb9ad94d35ea41de86534ded494a9a956,bebd291
gpac/gpac,a51113217ed8379b1abda0a8bce1d1e0e92b47bd,6c88738
gpac/gpac,4319318d40064fb5402b4e97316d389ab75acb1f,ebfa346e
gpac/gpac,73f0d29faa26430b88d62cd21c603ffaa47e45c0,653e0d2d
gpac/gpac,ccd6ea6eda5476c921976cf17c602d85c4c1f88f,b59fcfac
gpac/gpac,da84c99d3c5b6a6b23101c1de8c14bb0d96be903,54f21e3
gpac/gpac,c4f8bc6e61348a951d37756e2d831c0b9c1b2c16,15119f20
gpac/gpac,a89d242108f7abf6d099cf983f0fd422ac461cd6,6426ef84
gpac/gpac,8643ce456f588146eb781d05ae0cf77b2aab0c66,9480e090
gpac/gpac,e93f253b54bd09e0cb3764c99f826e4f8f291110,cfba2d1c
gpac/gpac,210f598c907f39cafb57a07c989140568d0ce0dd,4ef8c11c
gpac/gpac,93c5696a3de98a4e4aa561e2ca23019ca29e328b,833cea09
gpac/gpac,a177f9314f765200a68f5eb51e5edc6561052cb7,6d229978
gpac/gpac,13b3f61a128837f48df875126812bc1166d3dce1,6692db41
gpac/gpac,b4b94447f37d2d730ebf5efde9180a2daf8be4e0,0e6bd1c1
gpac/gpac,cdd98be1f4b40110517f6b31de7a4957a38db9d3,9083b187
gpac/gpac,588ce9b1dade5e7db703fb9af603184a09ae4494,47d8bc5b
gpac/gpac,628060eece28d5bdd4a59011f2a9a228a17831c4,1847fae7
gpac/gpac,39367c29f21232e61f6883607c1d1c677bc28ccd,211ab52d
gpac/gpac,5fbc6fd1a38e78b9e9800bcdc1e9e21e461c83e9,74bb8692
gpac/gpac,848315b39a87a5a813949cea547fa38acf070d18,e5ae4dd2
gpac/gpac,58f9f135630fb4f5557f36c0b2d87e50f3afcf08,cdc5d3a3
gpac/gpac,9a2ca54fa60bf4bf38df7c5fbd6b62f37cd39d84,f2f3b429
gpac/gpac,f2f3b429a6c9021a08bffe25943004081a9e669c,b54a98db
gpac/gpac,9f611c49889958743204c62a3f81b1429067161a,14dda31
gpac/gpac,314be05281f2f3300d205f19e71beaeea0538705,2d898eda
gpac/gpac,98508c22626cda8d55339f9d1aecfd3f4600842d,976ea834
winscp/winscp,e6f16c13f9e84199a8a0daeebf6ff00bbb34365b,fbf8bdb1
winscp/winscp,b1c505cadba984acaea066c55050667b1dce8a52,9ffd61b6
winscp/winscp,b1121ad72f689704241de5cefcbd5593260c7158,71ea2a97
winscp/winscp,6ef0d1fb41ad427c68edee418c1fe830c4d24859,81ce67f0
winscp/winscp,e25a70c001ff589d8a82ed004058a7ac5007a2cc,cee1be5d
winscp/winscp,3ecd0f1520d8b45d8cb2560b5a3755b378512163,4b389600
winscp/winscp,b62d433c40fb35bcb41f607db098d997de302b56,cee1be5d
winscp/winscp,6c9661a20ec1fbb2dcfc234bb02a29f607b2ccb7,4b389600
winscp/winscp,a70fbae532bb2d468df9cdb3d146d7b0a5374a3a,6c45fb11
winscp/winscp,5bf96a228ee2917922193704e6901bf5f00260b8,6c45fb11
winscp/winscp,39e211ccd6fc4136157bfb3aff2222f0ba243696,a411a007
winscp/winscp,3ea7f33f1680b247a009f63852343721fab79d86,c2c2596d
winscp/winscp,58286423aaf2d1ef4328c0983a3913917d7433bf,db716004
winscp/winscp,3ad38b5bd9c15a4109db38d5d78ffe00d62044ec,db716004
winscp/winscp,f3d511f41a01dfff24ec438a92707eadef7b9033,ea24ee34
winscp/winscp,b53ebad49491fc9c39310319f0cb85f16f6f4b9d,2061ad00
winscp/winscp,3b51d9b70e647815d35bc9512b9dba850b0f2462,0ccd2def
winscp/winscp,384fdf63bb94c7809fc5a170f11025ffcb5dbea0,0ccd2def
winscp/winscp,67eac2d74dd3f1aea08f2cec46b935eb064e9661,4df7eca506
winscp/winscp,a7d36b2c440ecac8f3922458f53518842d0b5d46,4df7eca506
winscp/winscp,946d6440edb41d01b40ec7a75f05ceb44a09a558,c4ee38c79
winscp/winscp,bc837e4a0fefc53c2ef6cfc64db3fbb3dc2e3ba2,37c857ad79
winscp/winscp,1e9382c198e3915c3da66ac21d991099b92c54ae,37c857ad79
winscp/winscp,8671e9768e7aeb73786a716efe2c0dd8f8c2a64b,44cd238825
winscp/winscp,62c3fd8d6d81eef501de66d6a3930204bfa1f348,93fc1a2807a
ElementsProject/lightning,79443d6f94c1db01f69b297b01eca44ebaec4d12,6ceb375650af30682027cdc22e6d029b4382f423
pgbackrest/pgbackrest,ef4c4ab8525f81c9ed22c7e82ed12096e81703c5,c5b5b58
pgbackrest/pgbackrest,ea4d73f375558c237fce696f20c19d1efef00bc1,d8d41321
espruino/Espruino,386d845487cf4ac1b515760f8f0f2a31995c689f,5af2cda721ef045d51e585c69c660287bd10debf
espruino/Espruino,80c31d6ede52a4e205fb5b6d53a65d71550f790a,5af2cda721ef045d51e585c69c660287bd10debf
vifm/vifm,631b3cb6950e3c56d5a23449bb43b330fa55e912,7f32f8a45b
vifm/vifm,b55977eadc0a479451b57573a6555ab92379e2ec,5497f13d71548631ce4ace8146d166d71adad6b7
vifm/vifm,31171936614a46e18927da676aea50a232af663e,1a5a0571c37cdc81fcfeb7cba763844cd9591320
vifm/vifm,d07d7a8975a03f40e2d66f5d7483bcfbf40b0258,6e8fb6c3379ce9015740530d9bdc5c63b13636be
vifm/vifm,c5edac5cd0a5126216270c8999e2b8df5cf305b5,984c2c12dbec459
vifm/vifm,f6103dd40e7c9a581582da5be431c8abe78e8e53,7325b00d
util-linux/util-linux,651c5d428c2ef103ee8c5b1a310d6f29f0304744,5c7b67fbbf41c973ca8d49b1e8bdba22dbb917aa
DynamoRIO/dynamorio,a4887187caa256fa98f4e012da3bcd34b216adff,53577d7
DynamoRIO/dynamorio,b42d587368bce2ed0c9d4523f930f263dbd05108,99fd6ce
DynamoRIO/dynamorio,70998c5c67ddd08af458f0f29aa5830a0729a0c0,3bc33154
DynamoRIO/dynamorio,8be16e86c498df41e79a48523d63fd23e76b387a,f578fd2b
DynamoRIO/dynamorio,e2e27e0477e7709fd7a6cb1b55f21d0a9148441e,184dd8b
DynamoRIO/dynamorio,6a65bb7a5984c8c94761adcb66bfab6417182bc8,5d3c252
DynamoRIO/dynamorio,1a7e168def6cadd84d141d5e24f545f1936403e5,33702a5
OpenSC/OpenSC,6dfeb9959ffd98f0cd044fa98ad3f29d676cd293,45ad44e
riscv-software-src/riscv-isa-sim,1767a27ad4cf8f9eb1a30d9d9a2495477071339f,1fea2afbf46d2641d77f2db3d6108e0897431a84
saitoha/libsixel,908c8eb3721e34150ddd939a113703b7532eee6c,0221665
xiph/opus,e98f1f50032f09b196879eeec55ad42200eefd1a,220a7d4b
xiph/opus,7d1df73ff296caf762660952a3950091bef90d25,e5736ae2
xiph/opus,4e955ed3794f37c91a699e25b97de71cb08077ad,30df6cf3
asterisk/asterisk,0b588778c0d2400e53e7dff6a3a270579acd51d6,776a14386a55b5425c7e9617eff8af8b45427144
asterisk/asterisk,fbbbd0add9c180b000309da5c00d582a51d73734,2dc8a060064f359a17f5ebcd515d85fe5203c019
asterisk/asterisk,4bf395e81e91f12809ef9900ef6716d4cb1a2fd5,3cf0f29310
asterisk/asterisk,39d3e1ef6e4ab4a5fd64418a01bd1a3cedef699e,0b6410c4f8
open-mpi/ompi,97801028ba87af18c7bd0274a13c62262da188ac,d4be138a7b
open-mpi/ompi,672d96704cc165b91c7bcf263e97704affcd5f20,eed7b45db59b356f6257f3b019e77643f14f84ce
FreeRDP/Remmina,9ed4c438dfb6522c4865362ce3e65bfa169988e8,2609548e
TinyCC/tinycc,e0fe69050d2df59da7370875c4f5eb557618e20c,6245db9
d0k3/GodMode9,e477ec0a180aaedb504ee5e6bf9a89a947b898a9,bfc3363
proot-me/proot,531ea14d224413a9b7ffb6f598434eac1e4aa909,d2175fc3
ArtifexSoftware/mupdf,386c713b83f8788a80bb165431bf598b982385b3,0399332d54
jiangwenyuan/nuster,81a9b7230279199ddb72b015517f8b45ba64a82a,051ef368f696201195a4c77092449103dbf9458c
lattera/glibc,283d98512272a12cb84e7798c23edbdf1adb287d,9ff72da471a509a8c19791efe469f47fa6977410
lattera/glibc,d4d0ecb24474928b9dfcce6c3f09694fab2400b6,18f2945ae9216cfc
luigirizzo/netmap,e7d670a9c727bec5802fbec3ac09a9e7bd727af8,af213b07
vgmstream/vgmstream,f47fabab9a1a89a04b4d0d1ecc65d4d9c2144736,ee5a40224d9b2128a7bf0bd7d4398352e005000c
PromyLOPh/pianobar,a6340288f8259cc96b5af05bce3612dbf4f9b7e4,2b31c97de6fa541719cd26f9a61053cfc0e71203
zlib-ng/zlib-ng,598128f5d1f3aee3dac4263271e1822556b8ef88,2fa631e029084b75acd81db5d33fd4aa802fd082
DeaDBeeF-Player/deadbeef,6ac688c3dd6407c3d813d9111782a6241a706769,e287667e6ad
pure-data/pure-data,cb97b571065cc3b4f6728b6eb9dba0b0e55d402e,356fa6abd89d9
letoram/arcan,fb6316dd00504fcb1010eb455ef167bcde531d3d,4ce3eac
NagiosEnterprises/nagioscore,7ca5372d0c79f4d99f0f93fdaaf4a680e201575d,9059a683
metacall/core,da241bfb4e56086860c8a83945d9356f08271c38,0a8e42675bae592d6b938a8197384dea2ad4a380
GNOME/glib,a149bf2f9030168051942124536e303af8ba6176,ecdf91400e9a
GNOME/glib,aa20167d419c649f34fed06a9463890b41b1eba0,26056558be
mltframework/mlt,6a06b3218fcbeae44ab20145a0308360059012b6,2df4fc8
mltframework/mlt,52c5bde61947fb473413cd9daf4b2664769702d9,35402e6e6ea83e67cf1686743f3d21e42dfd4dd9
mltframework/mlt,7488ad221b00a38362b66ead5d5472e9dded902f,f9dc738
mltframework/mlt,7f515860dca054d984c6172038c497e84bc2ed4e,a6bb37b
bminor/glibc,b29e70657dc19048f32ba73b45da2eeba81340f8,45e2483a6c
bminor/glibc,26c176950909d60ac2a392cf9fce70eabd75f79e,4fedebc91108
bminor/glibc,c177f6610c2b794aff8d3cee1d2277e59f00e8f2,720480934ab910
bminor/glibc,30e5069c7d4b51288d3e6f75f53a6ad2f5e71b0f,e3960d1c57e57
miniupnp/miniupnp,7be0b480227ca86521dbf39a100fc960352163aa,cce19781e67364d36a9068a42d5275836ee88c89
miniupnp/miniupnp,3f04f7992c4e8f11c2a2f66e678d9e63c8103dea,53e81857252eb6504e878295c04e607a7c4c061e
mcu-tools/mcuboot,713bb795499dc80f622689697183f2916c160c0e,f68473814f17a299ff8766bc3cf86e014552f479
hanwckf/immortalwrt-mt798x,2d61f8821c7cf99354e904139226c132554ba180,8dcc1087602e
hanwckf/immortalwrt-mt798x,43d1d88510621801d66a0a7f46f4c4f44d89633a,8dcc1087602e
hanwckf/immortalwrt-mt798x,8960f2b80c7f40d6943f093fcb99475d145e9dc9,296312fca13a4cab1d157e0474e1f0bcca6adf5c
angband/angband,3be484537cee229e86860bbbf7957086a2fcb253,850810f00481b854d10415395ed064d9cea80d60
angband/angband,5b37ed123ea1b642ccc2e88ca54eb8fb0d9a15a6,d6886368017822967efa5911a64b8819502fd7e4
angband/angband,5c19c03c5eada65be24ff493fcbb90dc20775af2,418dd9a6d1edf63e3906bb59b4607041d6f294f6
angband/angband,769cf3704ba76d79b077acf2cce85e8ac9858afb,d581dcade0d0ece98a72dc1adc7e2bf524f8a475
angband/angband,96f35c31319fce2760b5a31ff2322cefc8fc4b53,d6886368017822967efa5911a64b8819502fd7e4
angband/angband,9861a4cf4c3139fa282ac7a3c7427592b6daf8f3,4d76112f25e5287b9c2ebfdaef80c72d13928900
angband/angband,084ae954efe770a915f55dc9c0a3caebf76d5e17,d6886368017822967efa5911a64b8819502fd7e4
angband/angband,0a0a1972b4a4eb7ec154c0ffe607ad286b68af4c,d8518ad36119589cd966e18615881fcec0be1300
angband/angband,4d1cecb299eaaf5df1b30f8b503a476a91b2928c,8a21bbe0686d08a981bf57f92a10c49d4caa1ce2
angband/angband,7579c8f0a799d97ae55d21c8fdeeaec3ecf370e6,d6886368017822967efa5911a64b8819502fd7e4
angband/angband,2651ce37ad1b6f32f40a45e7c5259464988e4cde,7ca6c3760ed01c2bcfde11254daad04eee7b0986
profanity-im/profanity,88d383b052cb7f6e8afcd15dc8043bb683f8a687,b6bb50ceb28250317351fd5115e3f187f0c56fba
profanity-im/profanity,4e999283f09a03bb40210fc48f42fd35fc2d9b77,606c1e51e688cb111b9837579a35460508324b63
pmem/pmdk,b722b29b9542cf91e686d6822ba37678cd8ba5aa,8986b6d403
pmem/pmdk,fb77c5e2d8e203f2a4e136ff963b385324ac66ed,79a3942
pmem/pmdk,4965a2c7f08b3d060992dc75022de91ea440d01b,b0abfcdc901f35e3b23620edc4999c10567053e0
mupen64plus/mupen64plus-core,06669827f959b58d33360383d7f111c3a34637a1,26cc980cf97ed32cfbe2f82ba4d934051580d947
logrotate/logrotate,361aaf9893a63d2e923f5b457becc668078f85db,dfe8dc4688254bd33d30bb4f976316f12e088f55
FDio/vpp,f91fe3b060d58713d24e302abaf950556c26601e,e6f3b467
rdesktop/rdesktop,172c76da1730db49b1c9be57c182cf3bfb564b28,e35a76bce
larryli/PuTTY,921613ff088a40b639c34918f383f274af3f04f1,61f3e3e29
bitcraze/crazyflie-firmware,c749d3b413d6ebbc32a41a40b4f942f1b1102016,59e223c48de830dd4fe737c786042b97fc9a4f52
swow/swow,f36102807aea07412a248064f6a97646d799bacf,3f0abb84
lwip-tcpip/lwip,c1c3d0e1ba6f8372e1be3cdc92c2d13feb779937,3417a02b25
lwip-tcpip/lwip,b438a0d6fd008753839235f034be89d47e6c2d88,c0e7d54e37
LouisBrunner/valgrind-macos,c4ab123605d904024c21a2bcb37684d84c935194,be7a730
LouisBrunner/valgrind-macos,06cb991bcd9966b614cd672a7d6e26785f60f851,54145019b045fffde625447b64f3a91f663de718
LouisBrunner/valgrind-macos,0f18cfc986f800b107c7eee063b8b7c04617e0b8,e847cb5429927317023d8410c3c56952aa47fb08
LibVNC/libvncserver,6b87d6154200667a66212f80068f7468eaa0f048,d7b1462
sched-ext/scx,7a18ed782c3e5c0701f66b16556d7cd693185e4e,43c9759f8c8258db66b593879c08c27ad47d216e
OpenCPN/OpenCPN,918a44b745a0e13d0d01c19b570ead6e45849d08,cca8203f40
corosync/corosync,6a9e4760da4a73df599c72fcc32d2b22f5d271ae,cb5fd775
ptt/pttbbs,5b9bf052c42fd7597bb3cb0ff67fb9cbe92b7775,f75e71c52dc0a05a5e388ecc46c4ddfc96a5fe07
ptt/pttbbs,0b688ccbe82e8ee5e160c7ab6f660f53a2d725dd,e7e540a3ff0eb7e07bc590caad3c99fd52ec8980
simple64/simple64,5efd569b540f1c3503174d1974a9dcbf4728ab9a,26cc980cf97ed32cfbe2f82ba4d934051580d947
RavenProject/Ravencoin,c0025d0a92e438155901438580e4d2ebb376b951,3192975f1d177aa9f0bbd823c6387cfbfa943610
RavenProject/Ravencoin,30abce7a998181e28e2f93256c159f259513e1a7,e2e2f4c
2ndQuadrant/pglogical,016ede54ed3f0110ef835e1b8ebf0a3374b6a5c4,95c0e898
2ndQuadrant/pglogical,c829f7e4384af2ee6a8cb68dd02577e6bd774fe2,826a2be
FascinatedBox/lily,672d182d9fa2c77f138b4bbcef4dc4b5d2aa654b,eadde9f
intel/media-driver,e36acb8e7ade1c1f81c972fdc44b8f0101b3be7a,bde3c8706e10a6d4421a2cca0f7758cfa1dfc9af
open-watcom/open-watcom-v2,ac26553c9354ff606657d53d99eeb10bd4a95ef9,f76af83c2e9cd10b34e6964ab3c71c60ba4277f0
SWI-Prolog/swipl-devel,69b025f732a9400fa90142b0b0d7bf8ad68164de,401926761e0e97844205291e1aa6c7dfcc018d76
oetiker/rrdtool-1.x,e1bddaf532ad29cf660318955875b1183000d850,cd139a88f4994c3560b56d0a3166ebfc395e42b8
uzbl/uzbl,1ce13a2cf81b677d93d816d8f2998ce34b0f922b,b93d863
DCurrent/openbor,2d93250911d74270c604452f2b33575d28a1f8de,b6e3f4131
DCurrent/openbor,082c3db4f99f04edcf97d5882fa4b75fd847c843,b6e3f4131
eclipse-cyclonedds/cyclonedds,5d53e740296873b2a70ee62536b2fe513526678c,d16264fd82
eclipse-cyclonedds/cyclonedds,701c6f5a5cf166769dc0bfd94fe457c311cf8097,231cb8c9
eclipse-cyclonedds/cyclonedds,94483e3371e451cc9bf1216154aa3a202576e2c5,19aec98b8a934ff3796c19c720f7d14b4134d6f0
jgmenu/jgmenu,4e5cf2768ca85cb17fcc89bdf224d304902fe1e7,f752b239042cb24843d12f9cc1932efbb19bf49e
jgmenu/jgmenu,aa105d231a36422314335fabe35254a07544d26b,aa1357d3
HerculesWS/Hercules,ea17b73a2b8cd0438317f1afb62e929abc73bc4f,0eca88efc69becc591428fbb6b9fddd9237afd3d
apache/cloudberry,e4f5a015e505674194a830cd095185f5f17d8692,9ce6ab6c24
apache/cloudberry,ee57467cb6b2ce1e25d367cbd64cc60ae9ba0eb3,94aceed317730953476bec490ce0148b2af3c383
apache/cloudberry,de1510e2f5a1826890b206253016ebfc592c2f0a,bed9075
apache/cloudberry,87b2124dfa0782a697ea7b90aff15a6f6117a720,c13585f
apache/cloudberry,802177090992511c610804da54a4603d4f50c594,f61db909d
apache/cloudberry,1632ea43682fcea8836ea245771ae85b9e1bcd38,c6550776394e
apache/cloudberry,fb0f5f0172edf9f63c8f70ea9c1ec043b61c770e,bbe0a81d
apache/cloudberry,1b5617eb844cd2470a334c1d2eec66cf9b39c41a,0827e8af70f4
apache/cloudberry,fa8fbadb934b4727a7aeff074995e799f4685a75,b94409a02f
apache/cloudberry,e798d095da3a4a4bb5c50bb3dff886f07ef52f55,578b229718e8
apache/cloudberry,c50624cdd248c13b4ba199f95e24c88d2cc8a097,0d1a3343
apache/cloudberry,8a4f9522d0c7d197c7eaa62cc72fb1bf9b90f05b,ce0fdbfe97
apache/cloudberry,42d74e0c443760af91875af99d2655c9eb4c40df,87ae969
apache/cloudberry,27a48e5a16ff2227ddf44ee717d9bcd89d22a7aa,52a10224e
apache/cloudberry,5ae1572993ae8bf1f6c33a933915c07cc9bc0add,b2a5545
apache/cloudberry,51c388987734cb318c8fa875f382ca75a34d0010,87ae969
apache/cloudberry,1f4297444512ff7ea1769340d124c8e0f9d15b52,dc96f66789
apache/cloudberry,1d09fb1f0a9c7edc3298104fc4350e49169f6f2a,b36805f
apache/cloudberry,8d84dd00123985e739233fa67c9b1d555f33ed03,6e5f8d4
apache/cloudberry,fdeeb524b4e28affc527548af389c75e0a99c340,61d7c7b
apache/cloudberry,c4b0edb07ed53063ea4c86cd7918ad6ea01d8979,008cf04
apache/cloudberry,70116493a8e07713f7e1270646ca1147898b4f6d,d9fadbf
apache/cloudberry,1df5875d39383b3981b804666ee1f4b0ff65943f,1d92a0c
apache/cloudberry,9acda731184c1ebdf99172cbb19d0404b7eebc37,71d84ef
apache/cloudberry,05ba8370b8e4b5c8f3dd51986b9fdeb43fed5610,d37b816
apache/cloudberry,3373c7155350cf6fcd51dd090f29e1332901e329,100340e2d
apache/cloudberry,fa19a08d71fbeefc39415d9c6c70128460d41f94,1d27dcf
apache/cloudberry,313f56ce2d1b9dfd3483e4f39611baa27852835a,6e5f8d489acc
apache/cloudberry,295eca01de97f4077ea6876a268213a9de47df25,256e0507ed3
apache/cloudberry,2c20242c2dba26098b79ac6763f904a6f912b657,b95b5425706
apache/cloudberry,b34a50c329222763095756e8bdbc5dff1f9efa04,f2f86174e
apache/cloudberry,9010156445c420361c2cef9557751c0b8b52644b,82a5649
apache/cloudberry,a7eadaaaaf089994279488f795bdedd9ded1682a,266b6ac
apache/cloudberry,1707a0d2aa6b2bcfe78f63836c769943a1a6b9e0,fe0a0b5
apache/cloudberry,a490e50f3de23bd8a103d6b87eb6ed1ee99dac14,4eb65a53
apache/cloudberry,f0a29e790ae76005a165244d6f7d517cf53c1573,02213a7
apache/cloudberry,2128be1752715a8c9ef24e1e465a24a585b1c49a,f4f4bdcc
apache/cloudberry,20bef2c3110af295501919bac463b87ac58876de,df18c51f2955
apache/cloudberry,ae3f337cb3f8ebf9d75937e9964c2cb36e5f2c5b,a4cbf58
apache/cloudberry,ad9a274778d2d88c46b90309212b92ee7fdf9afe,8561e4840c81f7e345be2df170839846814fa004
apache/cloudberry,0d3ae2a02115f7fc70a6c2fc27344e4c379232a9,916f460
apache/cloudberry,5c642b07c62e9119d41cec3791509d21a04770bb,353a937da9e9
apache/cloudberry,7ee71ea95e56987aec1852918e964e22030b6ede,b3abb1b7e6117b852c0453e6d1f76a2ab37f40d7
apache/cloudberry,be2f0385c3248a6195451424e11aa88d3ef47cc6,8baaa67
apache/cloudberry,3b790d256f8489d0765c3389d6860f1c6b4a9b2d,98a64d0bd713cb89e61bef6432befc4b7b5da59e
apache/cloudberry,2f4193c3509a822c55cc0eae77e7788806d9b022,6d46f4783efe457f74816a75173eb23ed8930020
apache/cloudberry,06ca28d5ab2f810ef25e718e0d71f2233542c151,854adb8
apache/cloudberry,6f822952eea112d3e19a0ddaad32e99d1943f29d,6868ed749
webmproject/libvpx,d578bdad028735fda27730fb6617866d52dcaf29,863f860
rauc/rauc,cc3fa445997d93f1ddba41e1cf92367dddd7200f,a61bb4e0
OSGeo/grass,9ee21ec1c83b0e70a0971d569187972cb6c068cf,bf53e3a3608f7fddcea15190b86d3c232a2518fd
OSGeo/grass,8c4f244c9533b64b7be5101cd7c4da0d496e89a5,8dced26735eba9c385a2eebd1d31d97f2b808386
Sneeds-Feed-and-Seed/sneedacity,cccc7a7c4ebf2b46b3e1ab8d0d0dca7cda64ee02,ffa67d2
Sneeds-Feed-and-Seed/sneedacity,f86403378be49a71c32a0339c00349b93361ea11,273ba9f
ndless-nspire/Ndless,2b5eef6478e6348ea2d693951cb921c34ff6dd31,40a71ca
danoon2/Boxedwine,cb15bdc09edf76729e4049adee7cfc28364d7e2a,5e53844
TurboVNC/turbovnc,d6c001708d9e2eb58feed443840cbf86c04ca25d,01549361cb5f85b93403feb36df8ab5694a6f962
TurboVNC/turbovnc,2fc109d852a3d5d4e46dde8f7cd74a1663b66354,d94fe5343c964af95c68be069b1033403b78ed28
TurboVNC/turbovnc,ae807ad3f0d90ff1c1d31b42645a514c29158f55,0c8c01e2981cbb0d4a7bef35d12734824fd34a55
TurboVNC/turbovnc,2c5c8b5987cd1cc8e12a28e91d3437b02a2fca65,8032b4e750fb448492bc4fecb7047302d9473983
TurboVNC/turbovnc,a0142bfa9382cca2eeea3bd845515ba9292bfc71,8032b4e750fb448492bc4fecb7047302d9473983
TurboVNC/turbovnc,b06411436fb4ebe072eadea350fc65665f17d6a4,0912305e256397dd7425edc091a8f4aa75ca323c
TurboVNC/turbovnc,aaae9c5b386213672ff7ffdeaa905f9afdab0820,23b49794661cb8dc509363eda7f48c15ab2716c4
TurboVNC/turbovnc,ca4baed79606fb7de9bc0753845b747b1dd7ed60,a726b947d40e6994744e40051f3e7a28bdbeaa7e
TurboVNC/turbovnc,944b77935ecf6183019175b4acdc42053ca3c718,5cb50b8f8732d0d79689e207fd67bc9692c38e69
TurboVNC/turbovnc,fe8e9f20fdf9d257c2c7f2161de8f107c6aae65d,296404be205d608eb0fca3c7182987b757524fe2
TurboVNC/turbovnc,3ced56fade06e3b707d7a80bd6e82166ee9cf943,89d3ab6e7d0f05f93375c100a1be201c2ffc2a8e
libxsmm/libxsmm,8967a6122df77411ff63a8db6bab804da3c584a7,a47895d9f6d2cb4b0b58f618b6c25738fd1030b3
samtools/htslib,7ce510c92bb841ded9972cdfaefa527fe34a5e71,b49eea4
samtools/htslib,b49eea478114759efe19e718c38e7deb00614b21,8f782d120433eb0321a1c0db6ee49e6bc838563e
samtools/htslib,306664a776435a1c86d7263f16deb43b30db55fd,642783e2aa8a0697fb7352dde6f359cd74593437
bluez/bluez,9efc138e98080e1e3f27e56c30cf289e014d5302,173045553c15
bluez/bluez,29f0bdb545a4bd18435ebda9654afc949efd82d6,dbd6591bd1d0
bluez/bluez,dbd6591bd1d02ace39debd8a67c75b3cbe9c4d66,713f6f09f017
bluez/bluez,7861c511ca7ecbbf8223aee22a3085d6152799cf,04153538aaf4
bluez/bluez,12d6fd9b9ddc8a7e98bdba744fabb96fefb08e3c,ab31e2f7e828df3d971cba6f12859edc69f149d5
bluez/bluez,9bb331f2d5e63b2466647d11f5fc8b6685649cab,7ece89b0b6f1ef8b4d4ca132a5163c08a14c41e2
bluez/bluez,0766120230d85feb1508f8bd4bbb52c95cb71d42,ef024c2c44b4f0dab3c054d062a911cacef1fdc9
bluez/bluez,c9a87056d733bc23279b30243f03923e53153a94,caa5835cd805e9771cddef35906a31cce0232dde
bluez/bluez,021712264c6890667d47b96c45890f5109170fe5,35938b779dc8d2498e66e6a6483a36c1f99c2e19
bluez/bluez,6132e6eee07fab1f5eda9420a39b61364d5d41ed,455fb131f08cddc9759c877e38ebff3b4bd975b2
bluez/bluez,a7c80bd48dfb8e602981dbb78f4d515111616591,a0f543f0eb8ee35f5cfac3b86f0a88e3f01809ff
bluez/bluez,4920323c7790ad66206c2b5de33e365754d07ce7,33cdfcb0fabcfb5260953a13ae277b5abe9a322d
bluez/bluez,a9c4e4a0aec81cecbc2bded149b924028953a952,37b02c1ef9be4f989c9ad5e511f519d35f2bc088
sipwise/rtpengine,c6f43b7d2b946eeaa90638c9de73bc8174692686,6c03a44c
sipwise/rtpengine,d1c4b44f790c826e1bd96a1fd06fed9c8b014387,d7b8ebbc687ea840913ecb6fa6f020df901e8fb9
sipwise/rtpengine,f636f54a2ff6302a1f987c1a2de43f802c78db4c,1bf894c
sipwise/rtpengine,6b7bf4df9219f017ff044a26feb438bb5d4bcbd0,3444feb
openzfsonosx/zfs,63048d47ba3deee53d9fd5338d6662582ede5235,30315d2
daos-stack/daos,819a0c1348da1b02d872999734254e62754099e4,539f2d0
groonga/groonga,756f4c36987cd646a99adbaf88a2c9cb67e87b3e,3d0edc67bcc00969791b5fb9d5d6ab54156b74d3
groonga/groonga,2d754078d93945591a96e9522cf3ad7985a7ef66,ba46bf7d0d014a407cb37a7b72cfeec72fee5cc5
groonga/groonga,567014d9c578bd4debb8d776cdf443deff51265e,6d460140176dfb5c348820963bda11dbb114c5e9
devkitPro/libctru,8ac3549abfd984c710ab04de266abc876da3ebeb,c75ed65
fangfufu/httpdirfs,595c6d275ef119c42dbb13a99dd676d07d096cf0,e76b079fe6951ea28acdc700069b9d33e9f69c7a
tpm2-software/tpm2-tss,ca22d650da4360ee136d627ebee2b3c9d8b8af82,2b7d89b2
gpg/gnupg,6158811304937b592601ef30c29c5a5cdbaa88ea,b3286af3
collabora/libsurvive,037189ebbcdb2a0bedd6fe6a8d1ad3910ac6caad,464dd97
dyninst/dyninst,9b3221d0c646e5a7d46927765e12676e1de4a285,558227822
dyninst/dyninst,11baee8e51ca409b158718425d320be439bd2419,30f08e7b
dyninst/dyninst,383e034dc173d8a9fa6dfc5b96c2d82f96f4a6a3,976099e5d
dyninst/dyninst,8c9c511a67be797a6cc75442c76d968e585940cc,40f9295af
CCExtractor/ccextractor,e98137e059d7de53cdc696c2fcb191dcfbcbfe09,19241744d71adeda0f29c553b966236e88312c94
mean00/avidemux2,3bff2b2df0f3c93628daa6d9b5aca4f9b130146e,15cc7ed
mean00/avidemux2,4fd687e051d311c118c8c4dc10d2d05ea2b68873,3d94549
samtools/bcftools,9bfaa6dfec44e328951ddd76eca142d6036f68f7,12a6617a0b571c1a8b9903a9f75975a232c1257c
samtools/bcftools,311486e486546fb07fdcf466c3edc5179f60be25,e4e161068
samtools/bcftools,90530a80a86899611782a954a62180fe24754261,c51199511c
samtools/bcftools,1ce0f47e8d6ae35502a923baa0bd86c698b6e101,781c1f38
samtools/bcftools,37e076a97644bd96c660c2fc58b009b8ea0e1708,7636da2
nsxiv/nsxiv,bed596bf47a1571639aa1427dbdd57f00ed0503e,3659361
nsxiv/nsxiv,b4268fbf38d1f8433c73999466e116e68c7f81e7,6922d5d
intel/libva,b5407cfc0dd8d98b9e9fef314171fdf9cc23011f,027a1298c22aeecc2fee2d270cd86790530892f6
libMesh/libmesh,a177c9f8d531ba8cf9c610ecdf6c239b0f6869ed,353e0fc8
libMesh/libmesh,745d581d70cf6f8f2d4fc45465d14f1cc215127f,aa6e5af
libMesh/libmesh,5f783cbcb79e6ddc8870b068608aacee88889fe8,bca60c6aa
libMesh/libmesh,b0f795385f70dad2b9eae6d81eef4f7f817e92a9,103227d6
libMesh/libmesh,6bef5e97ef0ef594e155139758be70cee692bbc0,25f3634
xen-project/xen,aa80a04df488528d90a0d892f0752571b1759e8b,b576497e3b7d
xen-project/xen,2278d2cbb0b7c1b48b298c6c4c6a7de2271ac928,cf4af9d6d6c
xen-project/xen,a2d194b2579f66bb53cab740bba39090a3190158,7059afb202ff
xen-project/xen,dff593c7b6eb1cfd4591b662a880a0c9325cce40,c61a6f74f80eb36ed83a82f713db3143159b9009
xen-project/xen,c9c430df0062e0f6a1d95c5d3eb8af267183c6f0,b701ccc8
xen-project/xen,7ec4b2f89e54d8bdfbeb5f4a4c2ec85d15819e8b,a36590e1b5040838af19d2ca712a516f07a6062b
xen-project/xen,123c7793797502b222300eb710cd3873dcca41ee,83904107a33c9badc34ecdd1f8ca0f9271e5e370
xen-project/xen,895661ae98f0249f50280b4acfb9dda70b76d7e9,090ca8c1
xen-project/xen,178fd279dc138243b514b4ecd48509e4bf5d1ede,2ee9cbf9
RTEMS/rtems,2f299f7f88348241a99faa82a34d98c5a9e54dba,b48166b9b6e845519d1eba8177b31d47c50c1794
RTEMS/rtems,6641cc87b87e0abf79138bbe0fbd303e04b547bf,a89ecaa1a94d49ddae7753d6b83923e9d2a00486
RTEMS/rtems,aa1c6ddd5cf32ae9e7d4e0c3ef94ed57ad3c0384,78baeb757957fa0807c30e6c4d21ae99c9639e6a
RTEMS/rtems,6e6e23384fe5ea7b37c0b56066221f1273cd4abb,ced28f2cfcee6d32ad7bb72e16b235212eb2eaaf
RTEMS/rtems,3bf9fdbe040136753e6a2c809bd18a44ac5fac03,b04b76c6a0c87ffc9670d356e793108411ce355a
RTEMS/rtems,b1b8bd25b1b97ed549bc6b0cc595fc721aa98cf2,f27383a518836881b7b9b88e88d2e31d5b23d048
RTEMS/rtems,3feca902a2e2dac8e07637be6f5a68524a76f85a,be8897644043e4378db7add02c3c9e1ac7fde563
RTEMS/rtems,d64f2e7a852326c5a6f06ec0197d0afae6d5eb2d,258ad71e9626c16f30b40e06c321326636c976ff
RTEMS/rtems,6c4aaf4f3167a9ca2eb2b1ae9b87381a03cb8aa1,0d3b5d47429effb350448d9e9123a67db722109f
RTEMS/rtems,885c342e043f2281a0bc707cd0bc59726d1c4b79,ccd54344d904b657123e4e4ba795a32212382be2
TrampolineRTOS/trampoline,acb10e4267faeb05c4656f02f1f69b02e012bb7a,b1fc96a2b55d0865322
danakj/openbox,98b02c6b60bbde2a5db026b3ee3e6e6dc44d1a92,0dd91ba0e2382a8f6177f501f8a0b26e0daf26a8
iputils/iputils,0cd6217f9e18dac949fbf88269a7bea9d3ae3b6c,c9aca1b53324bcd1b5a2de5c645813f80eccd016
Xilinx-CNS/onload,2e2b7dde634189ca108b327f801fd7b29524ab2e,74ee5ef484
ofiwg/libfabric,a6f4a66d5f0c89c5ed6d62e79cd361efc1018a5b,7f23127
ofiwg/libfabric,16954dc0816829b15ffe313773fd3bf36f99725a,862a18a
ofiwg/libfabric,dac047b9b12ff45a977e885733790195e98be58a,862a18a
ofiwg/libfabric,74d7b9444067d8528a0a1014c61ac26afe4133df,80565052
SSSD/sssd,fa2d7a49241df0d3bde40dd19162276f148e1ecb,c0f767c5513183048a3abae447881ded505cce47
SSSD/sssd,5b87af6f5b50c464ee7ea4558f73431e398e1423,7aa96458f3bec4ef6ff7385107458e6b2b0b06ac
SSSD/sssd,0d1d9d8001232f74eca63cbba6c400d507b33823,40de79d69860ec7f04bf7795bd88b641ec42fd23
SSSD/sssd,93362b533abfc41ad4d8c3e91399549a545b9d51,5e2301b8a75d10e5cbbe11e26e5192b894af6ad7
GNOME/libxml2,a7b9f3ebdfc761d6f21c83cab976f785633bf75f,956534e
Xilinx/u-boot-xlnx,feb858012f51e672025a8c12e69077646280b68b,f3a14d37
Xilinx/u-boot-xlnx,92c78a3bbcb2ce508b4bf1c4a1e0940406a024bb,65e43a1063
Xilinx/u-boot-xlnx,ce6754df61cbe23b5b73d095a00ac9a8504b3d77,53677ef18
Xilinx/u-boot-xlnx,6e7b7b6ea1b6d04dbe96242eb6a0c1c664c98e8c,afaac86fe2948ac84cd9a12bbed883b3c683e7d9
dosemu2/dosemu2,cfd75f27fa135de9449839f1087b84dff3887e5c,8f1ac2e4
dosemu2/dosemu2,5e8fdb7abc3127e518b9d8275121d6a3390f3e7a,20ba2a7d6
dosemu2/dosemu2,ebdc6e9b9f5a2771f75092bc6791eb0fe0e7b97c,5f00cc2
open-mpi/hwloc,5b49a8f35a3bccde0b408e524967dd1fd709184b,c0710b77594deede2b38095d22984e45a600e9d3
open-mpi/hwloc,374e45a964fe28fdffd66eade919815e9ecba1ee,006637dbf441e23953e00a2d461162277eac9b7f
haasn/libplacebo,2d2aafff62610bddf980ddf82e5e1cc15026df52,8ef0f36917
haasn/libplacebo,fd9e5cdbec9deb6bf2058ee3cf32efa84e604c8f,68375667
RasPlex/OpenPHT,d850925795b47c047ab8c94e17b8da3e01558255,9c8624993d8434667483
pmodels/mpich,e0fd81a2bbd2bc00c4d4ff55c9035c2bf33a3c7a,f7470a15
pmodels/mpich,f4f0aced16180c51aa5a2ac67dac43125d90d486,69900d68bf2d
tianocore/edk2-platforms,8ed5b8c2440c60acc09714d35c6c09501e2a91bb,8b72f720d53e
OpenSmalltalk/opensmalltalk-vm,21a2fc963e2deb2071d1a89eb8594b6d7e7b09f3,220f91c6de598f069d1070f6408f721526298d3f
containers/fuse-overlayfs,7251f20c4befce5fb79d3f31ba2b1d72a9561383,b25bbde64dc5d06373e087d7fae6367acf1fd09e
DragonFlyBSD/DragonFlyBSD,79b114a050a39e17e910fcccc7396c345d91e9cb,e3cefcca
DragonFlyBSD/DragonFlyBSD,2b970b2ffcbfc78d51b784666286c2f85a1de488,67616947
DragonFlyBSD/DragonFlyBSD,a3f5db13444ab566a676a0f666d3e73ed27ac48b,efa391c40c414e7071b2041f1888180deb1806b9
DragonFlyBSD/DragonFlyBSD,cfa47be2c68f263beefed8602f21a4502ad4e426,7ba1363dc2de5d52704
kvmtool/kvmtool,3ce000c5f3a8341fe190883f43dd9bd6cf15a2e7,d0e2772b93ab
xelerance/xl2tpd,551b92fd691d8a6ce2e9d32f15dfbe252b2c434d,90368df06394a26639341a50fac17a87e188c638
eudev-project/eudev,1d4ec315707a9d1411efc5d2ef4a47f9374ab525,d200735e13c52dcfe36c0e066f9f6c2fbfb85a9c
