git/git,0ad3d656521aa16a6496aa855bbde97160a2b2bc,b1b8dfde69
git/git,296743a7caf99f816cec4e6992690151fdfcdcd5,ba053ea96c
git/git,e1e0d305c417448753162129f694afa9f183c03e,9e89dcb6
git/git,e4b353d0a138f946b2321efa7ba9094cf747dd34,20da61f25f
git/git,96a9a3e42e85874ba5edfcf86d91f7d8c05d5f94,c8aed5e8da
git/git,f1160393c172da29d0d0874c7d69ce76dbdc8c0c,368d19b0b7
git/git,f66286364f7875f9b3e3ac63733dd98e396fb7b8,a2c5e294
git/git,4815c3c4b26a91301c51360297ebfdef3b96a4ce,86b008ee61
git/git,43abaaf0087c72fccc5bbf3fc103eb148465480d,246cac8505
git/git,63642d58b4b28c3caba6d5ab0c3aa98c4ce54eaa,56dc3ab04
git/git,82af2c639c4dc9a5311ec4ab97dff44a93d6798d,6e98de72c
git/git,065135fc0bf3c859fcf63abe2e413ccc32a9cc50,26c9c03f0a
git/git,ef48fcc432610bc2215c256cfddde7a14a0d2af2,2347fae5
git/git,7891e465856e539c4a102dadec6dca9ac51c38df,803978da49
git/git,cf8f6ce02a13f4d1979a53241afbee15a293fce9,f38aa83f9a
git/git,7b341645e30bb94f186d31f27a62eb14107ae834,5aeb145780f
git/git,3ef1494685dea925d4e98ed06d9ea3fb5b3ecb89,17635fc900
git/git,9fd911237f94680e0d1985e1f2fba751b16f5a94,2d86a96220
git/git,9470605a1b03dac8fc4f801132e36964b4fbb8c3,0ec7c23cdc6
git/git,4f1ccef87ca53a4d4e85f4df3cf2fbe8afb14e89,48308681
git/git,067109a5e7db3fdffc25240bfc3b350962cd6bd6,131b94a10a
git/git,3b0199d4c3c9cc2ec39413c52c15cfd16e4d0980,1fdc383c5
git/git,ace5ac533a198e9bb7f634dafa8e7b10a42919c4,5325591
git/git,863970536525f071b29f2ee73ac9ac0a35b32a43,5325591
git/git,5c5b29b459dd6e169c9114910adca9203532f7d7,98e2092b50
git/git,410334ed5212979a3ff6c8ca119ca14290ee7790,4990aadc
git/git,b694f1e49ec39f45f61ca3b6d9df5945cbf43b71,1b0d9545bb
git/git,c6854508808dd32e3fc20c5b021c4064d25f6438,aa46a0da30
git/git,ddaf1f62e3090335e6973911062a9cf70673c06f,a8032d12
git/git,27d578d9041d6ead1c897f398764dd55044a3a1d,dfe1a17df9
git/git,9c2c0a82560a49b6b491a88cbaeaaf30378ec6bb,3258c663
git/git,9101c8ea2db466cce6d7d419d48e0516c6118813,48308681b0
git/git,2b695ecd74d174e23ed09c1c044f1313de538d15,4fa3f00abb
git/git,de3a864114291632c05e67bec4a316257c7ff97d,3d036eb0
git/git,0d251c3291e4618325465a06186556b18be26adf,eaf158f8
git/git,01ed17dc8c1df52b0545a7eae368a72b79e2a24c,13b57da833
git/git,55aca515eb94798e5502cc3525d16a53133c6492,5121a6d993
git/git,313677627a8258a0a936136938302b244ae5511c,fa655d8411
git/git,8424bfd45b291a56594f0289dc6af22e900a1d88,fa655d8411
git/git,57e9dcaa658b9a985f040ed764820c413835a860,caafecfcf1
git/git,d8981c3f885ceaddfec0e545b0f995b96e5ec58f,a5170794
git/git,85806440b165ba41953f9faf31ad29d5cc45cb0a,4fbcca4e
git/git,2e9957525ec6a25f855fcc1e99449dfa74919703,d48f97aa
git/git,e9502c0a7fdb5649e3a3aece4e0d54ddb22983df,5f0fc64513
git/git,661a5a382e37c8a81e76ba803559075f3350a51c,4e85333197
git/git,7c6bd25c7d65e777b5bb26ad5c8248fb3607e6d5,dc39e09942
git/git,33c643bb083133376f3fdcb190ebc58f9eef12bb,4c7f1819b3
git/git,2c1acdf6c9f6668dc520e75709af8447587eb4d0,4c7f1819b3
git/git,0899013993cd5eb327bc1a40d7c629db37e5ea83,6e122b449b
git/git,643df7e234dda47a4748311361a82df5415b7bc1,a9bcf6586d1
git/git,084b04409312e8d95aa51edb04dde7ff56f66fba,a9bcf6586d1
git/git,e3f43ce765c38f4be94239d07c8c3c596780c514,3b331e926
git/git,5d2993b6eabb0e0efdbe17bd43a3bec07a1670be,22e5ae5c8
git/git,d0e0cfe745e0c88ca2f4d4ed9f1d2871b659d872,57937f70a0
git/git,b9605bc4f2e44042824571f70b9a3a74eeebabff,ae5f677
git/git,2b56bb7a87ab429c225f6325f2870cbeac0d19f9,74703a1e4d
git/git,b1b49ff8d42a21ade6a72b40a147fd3eaff3db8d,f063d38b
git/git,b3325dfc64017c7b8f982171a084d5d22aad8e14,ae454f61
git/git,fbf2fecf505e44c4f45f4b6d29a37011989ac071,91479b9c
git/git,8944969c20e80f13965905ecd2ccccac36a34831,f9189cf
git/git,02710228dd79d9f9c6fa180233491639b603c06d,d41489a6
git/git,40f846c35c504a1c2303be5dcca6db069a17b856,1292df1
git/git,ea97002fc9f682a804ac05212d069e38fa3e365c,fbd4a70
git/git,68830470712b370d5ea231f76babd60a8859c105,38b074d
git/git,0ea7d5b6f8e258fdec067edf1b136ed87c5670e5,ee7fb0b
git/git,ed016612e6956496d5028e41f6414be29c09be4e,402461a
git/git,d0583da838afbc5e039b9f0cbbb9b1fb3aa1f1ae,6d158cba
git/git,f85354b5c7b800912743927f4abba022444163fd,6c4a060d7d
git/git,7ed1690c343dc16dfd5a5493589cbf74d503c238,0e804e09
git/git,234587fc87b156dc20461fc61353beeb904b43bc,7e52f56
git/git,6bc1a235b1260a8395045261f8004ba9f12677c7,5a5d80f4
git/git,2a74532412b9d87d4ad96dacbe9a31ff85f80af5,051e400
git/git,8e9d453ce77b7942dd35c23e145981dc472fb8c8,b0ad24b
git/git,b6c4ceccb3d6026c612fa55865c51374b26eb176,e8b15e6
git/git,dd15c7fffc9d357956df20a656b55e89db8c6f64,a3c75056d
git/git,662c83ff8ffa714efab5d7d530bd7d4f82e3ef03,747ca24
git/git,49a43f5468b5dbf41236a59a663e593e5432db15,70b89f87
git/git,8b5fe8c9ec3f961ec9b09844eca6225f06af5b0b,21704227904b51197976c61c595b52d807677533
git/git,e01de1c9122c3cba118da19fe0ba0ce913fa7285,f8948e2
git/git,e481b1d8db9947681a5c124545ef06951f42155d,3fb9d582
git/git,3fb9d58235ce4985689840b901aecacc6e3bd094,b2139db
git/git,dbb6a4ada6c6c1065b62313127ff032196e9d232,fb62eb7fab97cea880ea7fe4f341a4dfad14ab48
git/git,36a31feae23ac45a130fa38b2934a74e4e7156b4,427fc5b
git/git,484cf6c3f1169786c45ccda54c9961ef66465c03,7d812145
git/git,3d32a46b247222a97007419fa865efce959b002d,a08c53a1
git/git,54906addfa598640a6492cae1015badefa1ce201,c91ee2bd61
git/git,6ecbc851fb30f540e1a25761f221aab963cfe619,1ca3d6e
git/git,0fb7fc751d29cd1099556f71fc7c08158a6a78bc,1ca3d6e
git/git,dd46b9b95b853328e7ff1c11b7f5cae68751c79e,5ac0a2063e8f824f6e8ffb4d18de74c55aae7131
git/git,1fa9bf362acbe2c939c246684ab0fe59aec74ba8,87ab7992
git/git,ff7f22f36e2931db7683121f20ee2e03bd426096,82dca84871637ac9812c0dec27f56d07cfba524c
git/git,86291555c94300b057a156d87239a6cab09511b3,1461c5f3
git/git,b4416b432bde78fac057224d14c7e9c85097a152,c80522e30fdc190f8c8c7fc983bbe040a1b03e93
git/git,60646e9a7170750093599fc52ad56453fc516185,6c88be169881c9223532796bd225e79afaa115e1
FFmpeg/FFmpeg,5826166836e3e94d2a5e249e5a82e06f3285aece,65d5ccb808ec93de46a2458ea8cc082ce4460f34
FFmpeg/FFmpeg,c49001e338feb9d8537bb00de33b2a5725ea6028,93281630a71c06642adfebebb0d4b105a4e02e91
FFmpeg/FFmpeg,c28e553cbfa70ba0ca635271f5154301889fb706,5ecf5b93dda9d0c69875b80d28929f0d97dd7d06
FFmpeg/FFmpeg,376b3d53c54791c1be58709df4303ba2b90851bc,8c7934f73ab6c568acaa
FFmpeg/FFmpeg,316239096b15ed193056aada1555e84cce402b3a,e6c2c8703732bc46395c65c530038c8146df0deb
FFmpeg/FFmpeg,0aaee4741ce0c10ca09f5d17194b58d0cf0ebece,468615f2045da325e0f73e8e668d49cf456ccb37
FFmpeg/FFmpeg,2eb7df1cbd30d7c104face1ac93bc32aba070d53,6ba0aa1770ba29eb4126c6a706f6b0cd3809648f
FFmpeg/FFmpeg,f296c765905ca110a05d77a7e919d992800d2e11,6ba0aa1770ba29eb4126c6a706f6b0cd3809648f
FFmpeg/FFmpeg,a92dbeb9ae520d39069381be528c5e8d4756da5f,69516ab3e917a6e91d26e38d04183c60fd71cbab
FFmpeg/FFmpeg,260d7d5a6c18d3ae97ef9245597986299a0df49e,f2b79c5b855b7450c8f3c15b9ec11b439cd2a294
FFmpeg/FFmpeg,4bff800dc9d238dee58049704768aa6c5c391ab2,e9a2a87773
FFmpeg/FFmpeg,c822d70c3d2d59da986daa1dcbc9f9d1e3566ece,223d2bde22ce33dcbcb6f17f234b609cb98f1fb6
FFmpeg/FFmpeg,44000b7744a0a3c425bc6d8d924b4efa866aad39,8bbf2dacbfb4ead1535dea411035994f507f517d
FFmpeg/FFmpeg,87e625c2633a83f62f155fcca33dab0a6e2bb5e6,a22c6a4796ca1f2cbee6784262515da876fbec22
FFmpeg/FFmpeg,712ee85816ef854761f30ea57ea628997bd62e60,a22c6a4796ca1f2cbee6784262515da876fbec22
FFmpeg/FFmpeg,42a41c3956975a4404d0c48bedd51f144c90c08b,eea64ef4
FFmpeg/FFmpeg,7273e234dee5dfeee67cc365a8f7fa0b8211127c,954e2b3d34b7c2d82871254f07e2f8a39bc451cb
FFmpeg/FFmpeg,3cd616a0c95853411f6ab23ce797f696dc38abe7,9b937958907daaddade139c36ce33c6eac269631
FFmpeg/FFmpeg,8aa60606fb64b8280627935b0df55d4d2aeca5d1,5d0b8b1ae307951310c7d9a8fa282fbca9b997cd
FFmpeg/FFmpeg,ab61b79b1c707a9ea0512238d837ea3e8b8395ed,a398f054fdb9b0f0b5a91c231fba6ce014143f71
FFmpeg/FFmpeg,453f8ea2423617ed6d027f1442500084ae11b432,f16180f44859587e0211170bd82b1bfd26f24b5a
FFmpeg/FFmpeg,db0af7250a276700a349766c5412eb48ec630f0a,0cd5e281df3f69c1ed8f2a72a5bcbf9691e1b5d5
FFmpeg/FFmpeg,c5566f0a944e376b39c8f994659060ca036c441d,48ac4532d437790e56b8ed5d0d467dc88685f035
FFmpeg/FFmpeg,eaf4ab9802d5ad82a707514cae165c6db9e7bfc8,631ac655c00e978e19d05dab572bc1ffd6078c63
FFmpeg/FFmpeg,7117547298b13d6f52a20d6a62a27dc0a1c3e263,d249e682
FFmpeg/FFmpeg,26e70fd5ba50443fde738a606322d3fba0cc4985,ac4b32df71bd932838043a4838b86d11e169707f
FFmpeg/FFmpeg,c8246d37664af9feb23edede944846687aea787a,322a1dda973e802db7b57f2007fad3efcd5bab81
FFmpeg/FFmpeg,565f786d1da1fea80fcea231550d5d0f174c009a,37a749012aaacc801fe860428417a6d7b81c103f
FFmpeg/FFmpeg,61ae993957f8ff7e12c5983a1b21d5ec1965b328,28243b0d35b47bbf9abbd454fc444a6e0a9e7b71
FFmpeg/FFmpeg,39bb26f91b18a6fb6d2ccfb6464b8a87787587fe,c25d1ba
FFmpeg/FFmpeg,7fff3df6b277d4f1ebc504e950c9de56cdc14ddd,799f57ac96f9891d1a0f7d6c4b218ed536e8aca5
FFmpeg/FFmpeg,1e276553886a7ca315a055c489fabe456e789e3f,3d3cf6745e2a5dc9c377244454c3186d75b177fa
FFmpeg/FFmpeg,6f5b1a2ba4cc568b3b8ae11b7dfd4a70fb891680,2e8f3cbcda5
FFmpeg/FFmpeg,a5a0dedf111d6fd4fc41c3e82287f434c8f6c4d3,7f9aaa4
FFmpeg/FFmpeg,3dea28cc2ef22861347918b6740c4c05c46a6614,babf4fe01a808327d53977ba319c113a930180b1
FFmpeg/FFmpeg,6d23d19729b2108459d6182b1a0afd0283aea1c6,30c3d976
FFmpeg/FFmpeg,1bf6cb85bebe639c836cdbb4498ea5bc252a7c21,603b8bc
FFmpeg/FFmpeg,1f3a1fa92110f5e6c02674122bba126feb049f26,15957b197a63d08c33c34f08ef8b161335736914
