netdata/netdata,65c3de12690f78f8c28197e09332beea32fbf7dc,6bd0c6e3c3
redis/redis,0b645d63193fb18a6646def558c37f6c7ee5d740,496375f
redis/redis,c2d8d4e648faa172a65a88fcffaf4ccc10a1ad78,9d520a7f
redis/redis,b458b2999b749950c5ea9468cfa5ab74782848c3,052e03495f
redis/redis,a4f03bd7eb44580b44f9499c53417df45e1edfb0,3d0b427c30610b45c00b2377ee28bb69974ccea2
redis/redis,29ac9aea5de2f395960834b262b3d94f9efedbd8,1aad55b66
redis/redis,971e3c51b63e7a5ced6a953bdfd2d9bd53b25e52,d827dbf
obsproject/obs-studio,df4eb8219cfcd8b74a14e3caabd56bf0f648faea,dc4e20500
obsproject/obs-studio,c13357ff91ede253346edd78d1047ffa8eefad00,8b632fa227e2df4865ad59af84af39b8c2ce8e49
obsproject/obs-studio,14bfa071688cdf36a8efa8543b0e8e2902fabf2f,d7848f3cb74
mpv-player/mpv,4747865fefbc057e0c7998c361fe41ca2e9d9d4f,e2284fba1
mpv-player/mpv,46a35e2edc1905a9cbe4674f454ef056a6d1eef4,8708f4dc91
mpv-player/mpv,0f2370476b4279040261878c601fb8015a8502d7,a714f8e928
mpv-player/mpv,221a574a503604fbda6f25f171852d99e49de06b,1f8013ff3fddd788a517656e09f5ce5d7efd928d
mpv-player/mpv,2dc8e70093d9f80a01696f059ff02784bcb7b5f0,2e7fcc5a2
mpv-player/mpv,873ae0de2af3bb84a11e5e57f6e3a8942b2263c2,d07b7f0
mpv-player/mpv,8262a4dd5296f11338b2d54190982b1e07aa1267,362015c
mpv-player/mpv,2396e62c0be8be2bb39cd2a85021a5f391a0fe54,5b38a52
facebook/zstd,dc904ad17bf608db483f6187bdbcd5ed43fea88d,bb68062c590dbd46905907dd2a63a658040a79d4
micropython/micropython,a6c35aeee873953bd9016cf63feb1a6772bdd6af,5e692d04
micropython/micropython,fd1e66edb3ef479016dbcc5aa7158d8fdfec5793,35fb90bd57e1a3259aaf67cede50628da6888485
micropython/micropython,b31cb21a3936b97af4a52b082e1f40c2061aeab7,70affd9ba22e7f62666a9a2fafc2a3c0be9ef95a
micropython/micropython,68e71eacb8f5e67f9765ccd8639ca359bc3417de,71a3d6ec3bd02c5bd13334537e1bd146bb643bad
valkey-io/valkey,0b645d63193fb18a6646def558c37f6c7ee5d740,496375f
valkey-io/valkey,c2d8d4e648faa172a65a88fcffaf4ccc10a1ad78,9d520a7f
valkey-io/valkey,b458b2999b749950c5ea9468cfa5ab74782848c3,052e03495f
valkey-io/valkey,a4f03bd7eb44580b44f9499c53417df45e1edfb0,3d0b427c30610b45c00b2377ee28bb69974ccea2
valkey-io/valkey,29ac9aea5de2f395960834b262b3d94f9efedbd8,1aad55b66
valkey-io/valkey,971e3c51b63e7a5ced6a953bdfd2d9bd53b25e52,d827dbf
lvgl/lvgl,57e2a6d983e101e3e022912afae76fd984caac71,3da868a0905ccbdafb4bbbf9c301d4f66eb2cf86
swaywm/sway,f7aed5c7e596bc2f03426d6a91214123000d7ed7,662466e8db773926bf61b21280194a3540ae26ec
swaywm/sway,5896781df45405d41545e6227f6749ee862e05ce,5967ee1fbcba66ea57d971b924a51209a70d3aaa
glfw/glfw,8e9a5d29a8258d2e82250102db9ae713794be321,0d599026d04ddcc2695ae938fc1864523dab7a34
glfw/glfw,fd7e737216dfdcecd4522b7d8c8dd2439d3dac3b,2c204ab52ecaa51bfd32b777aef715dae937f009
glfw/glfw,af8f9713dd807968d0cbcca77fb63a210aaa8f65,2747e47393cbca2d09db56223e735bd94b21e2eb
glfw/glfw,e47832ffcf924a0580ce79431b9601f0ca0915ee,ad9eb768c9518dbe94232e5201d318d512ad9beb
glfw/glfw,81f475bccbc0e784e8327005f2e66e3546fe8da0,105cf32e0b05e207d4cd5efa462887569ca2116a
glfw/glfw,cab41529da42f46dc6d6aec159a9b8d1d1331652,b889aa784129b3e7d1219a55a1008bd6518183db
glfw/glfw,9372ba95faabd1bb45280d201d6ccdae77bf872e,fe57e3c2921a1901390534e1e51053df70b5644b
glfw/glfw,a1154247fad6ebd1e109e4cdbc32b93266646835,72ac5badb0a188b0d912b1e4fa79a5e143253474
glfw/glfw,2023095d8e63e50fb48f28d1d5643591eec19124,8597002a177beb56db09cd1a9fca0025687dc706
glfw/glfw,0e0862cfc7694f87b5bcf1022b45c41a5f51c363,e9560ef021c101def23a5c3b383d057b2a0e58d3
glfw/glfw,d88347ee7de728466a0931c6f707926a4653df9d,e9560ef021c101def23a5c3b383d057b2a0e58d3
glfw/glfw,c43f0829936203adf2e6d42d3697e43c47092a07,4d146cb39d
libsdl-org/SDL,4c0cb94b961a90d744ef585b86791654a2936514,9ff3446f036094bc005ef119e0cf07fc9b503b8e
libsdl-org/SDL,3eb49ac8627500dd5a2960c278b4206c5c0374da,9ff3446f036094bc005ef119e0cf07fc9b503b8e
libsdl-org/SDL,a2e05480d63cac530269c846422e7de3b44e830f,919cd56b20c59249bdde3bb005aeeb8f6550f3e3
Genymobile/scrcpy,97fa77c76c5502105a3d128a0be2477a04f4fd1b,d19396718ee0c0ba7fb578f595a6553c0458da59
Genymobile/scrcpy,071d459ad7d32fb6465216a0f5df7696db3adc02,a10f8cd798023f858796b023cb846fa2184ad2c7
Genymobile/scrcpy,b9315620e2dfae363ba4ddb88d14badc88bd5dee,8c650e53cd37a53d5c3aa746c30a71c6b742a4e2
jqlang/jq,cca3e92854db2a8d8059cf31bb1c74657065024f,9760245
jqlang/jq,4d05dc55a374c076d6d3837a09246a4f4cc694c3,9760245
jqlang/jq,1cdcff1c01ff4681f8d73ec4ba9689a702c4c17a,8ca07a0
jart/cosmopolitan,1df4296208ec0cf1b2d440dfc687cb27fc4dfa09,ed93fc3dd79c440d56f7350dda77664e8c335172
jart/cosmopolitan,3851025b77fcb8aa94df8bf8e42df3d71afa16ce,3b086af91
jart/cosmopolitan,053681cb97aa3204e4577b4f2773bd10f537cf9e,4778cd4d27131374053ea797e14021fea7bb3d55
jart/cosmopolitan,86d9323a43d37b4cfaaa541a11f47aeafa24742d,3f0bcdc3ef00c2c79b1be85b1fa207d508509ac7
jart/cosmopolitan,1ff1854107a5f4c57a4492d0460d2b4578c1f3ad,c23b6ecc3
jonas/tig,e4e63b9dc9ba5c48ee26c06ca168e32c7b5c08be,2a8ef0ffbc6c52270c9ce60d16dcf2c544428f92
jonas/tig,b3c0164105c0dfc63ef04f06ac321a9f23e17577,362a579
jonas/tig,a3f39c5f3e1e92a59bac05498e8622be1819f922,328ecea246928661045cec741503df695b2dd81a
jonas/tig,f7efb4dad86bc0317f18817d243c5d7b015cdbd6,80e97cdd456dfe71d0dbf32d77a73bb5a2ab158e
OpenVPN/openvpn,8ceb9619a26f8c507bafbc6d59aed3f65a30455d,5f6c01ea6172ed
OpenVPN/openvpn,970c4bd2e473f625699bd56db44c1970a9e10ed9,db950be85d37
rsyslog/rsyslog,9bc4c49d0705db2656a56fe14a5a2cfe3f6c9ac2,9ac56b286
rsyslog/rsyslog,9e520b07a554c30b63e76e87f7cee63050ccc1a4,2d15cbc8221e385c5aa821e4a851d7498ed81850
jbush001/NyuziProcessor,a65296d5322d100a251f89b705bc404019967ff7,ec3314520bfdc2a21083499e94d680175f8064a7
limine-bootloader/limine,411d735e919d59432b017a3f9568cbd7280ae329,25e1194
limine-bootloader/limine,62198ba1b04a5d3c5a64943cfe481e6bffd11f4d,25e1194
chocolate-doom/chocolate-doom,0cd3b7e5f8634468676b3b6ff1a525837bf3de2d,b0585fa6
openzfs/zfs,55b1842f92a24fe7192d129bca7b60882080d31a,f63811f0721
openzfs/zfs,7d638df09be7482935bcf6ec8e4ea2ac8a8be1a8,1ce23dcaff6c3d777cb0d9a4a2cf02b43f777d78
openzfs/zfs,d7d4678fe65689af7f6335c7f84a190139bcbcdf,c14ca14
openzfs/zfs,5662fd57941d020e23160b271dc27f254fb5a3c6,87c25d567
openzfs/zfs,7bb1325f95d0c11a2145ff99ae15057adfbae0ac,64c688d
openzfs/zfs,6d00b5e13699c946a3f78c73defe5ff1e18264a3,3dfb57a
openzfs/zfs,e6603b7c1fc7ac01f8891b11df34d943812153e9,b39c22b
openzfs/zfs,b858767a31bc80cc9a65d1e7af70213916bfa34a,1715493
openzfs/zfs,e9e3d31d2c141af15518ce6578ef26480fe97878,fcff0f3
openzfs/zfs,1be627f5c28a355bcd49e4e097114c13fae7731b,ac72fac3eaa569902cad88053167f7d74e7fe7e4
openzfs/zfs,004324ecc646ae909e721dc9eda8b1f57e9db71b,30315d2
openwall/john,790d23b24b78b07c26c299ac7adbc100a108d9ef,00655ad63
openwall/john,cb9a35eb023a9ed208fc1b87dc9c78132fb17653,be39643
openwall/john,6d2afb2a9a2734585983c8ecee0796e444da50b0,0a026d5
openwall/john,c0e334a1f4ac3230a55bf3c471fc4c821994eaa6,f6af7d7
openwall/john,f02231c42abec510fd9c0914792b940b3075a056,6c1b599
openwall/john,2603301665a16e029225d79b75b4f56b63a48685,f5366a2
openwall/john,15949eb054300264b3d2f5de242fc1ca84b65ae7,11e5191
libgit2/libgit2,05e891f1f1bad3e2729a2e3800b314d5b63d43eb,20a2b02d9a1bcb4825ec49605146223c565dcacf
jemalloc/jemalloc,14d3686c9f3ed28f1ef4c9ec5f7bde945473194b,3d29d11ac2c1583b9959f73c0548545018d31c8a
jemalloc/jemalloc,11d2f39d96d1a1e4d35a438e184fa0785a2baf08,89e2d3c12b573310e60b97beaf178007a71d83a3
jemalloc/jemalloc,0798fe6e7056a2eb571dde06927e87635dd2e74c,0ee0e0c155a05d0d028a9972ad86b9eaac4ccabd
jemalloc/jemalloc,7d86c92c61c60b771cdf146f6187c1550a089ad1,a01f99307719dcc8ca27cc70f0f0011beff914fa
jemalloc/jemalloc,4a068644c7b60ed91c08ade8c71c2077fec4687b,194d6f9de8ff92841b67f38a2a6a06818e3240dd
jemalloc/jemalloc,7c124830a1f542b5b8d386aa33fab5aa320eb975,8a03cf039cd06f9fa6972711195055d865673966
jemalloc/jemalloc,1e2c9ef8d6778669657a057979f2a7049012e879,b9408d77a63a54fd331f9b81c884f68e6d57f2e5
jemalloc/jemalloc,61d26425e53d74f31e9f2ef3a423bf730f832f68,b599b32280e1142856b0b96293a71e1684b1ccfb
jemalloc/jemalloc,adae7cfc4a2ac66c96b0dcc83b3837ac668fc44e,e2bcf037d445a84a71c7997670819ebd0a893b4a
jemalloc/jemalloc,3ecc3c84862ef3e66b20be8213b0301c06c692cc,1cb181ed632e7573fb4eab194e4d216867222d27
jemalloc/jemalloc,fdba5ad5cc67cac8bfc247b407df1fc43e6551f9,8f61fdedb908c29905103b22dda32ceb29cd8ede
jemalloc/jemalloc,cd2501efd621b76f799d9f264385b348c6e6678d,577d4572b0821a15e5370f9bf566d884b7cf707c
jemalloc/jemalloc,5177995530557521d330486a3971469e1573d6fc,d27f29b468ae3e9d2b1da4a9880351d76e5a1662
jemalloc/jemalloc,6737d5f61ee2fa5073bf20a8387e8c261e2a29f8,d27f29b468ae3e9d2b1da4a9880351d76e5a1662
jemalloc/jemalloc,1b6e43507ed330314fffe0872f48a95a9fe502fe,1cb181ed632e7573fb4eab194e4d216867222d27
jemalloc/jemalloc,eab3b180e59d6b23fee5fd2165f96402e7341cba,0ba5b9b6189e16a983d8922d8c5cb6ab421906e8
jemalloc/jemalloc,34a7e37a71f95c957b70f88c2039eead6a33e83e,e98a620c59ac20b13e2de796164cc67f050ed2bf
jemalloc/jemalloc,a2af09f0253769cb08656ae8828a3d70123ce5bd,40ee9aa9577ea5eb6616c10b9e6b0fa7e6796821
jemalloc/jemalloc,2cdf07aba971d1e21edc203e7d4073b6ce8e72b9,8a03cf039cd06f9fa6972711195055d865673966
jemalloc/jemalloc,7b0a8b74f048c397ff2276c9d2f5311fce70bd89,0ba5b9b6189e16a983d8922d8c5cb6ab421906e8
jemalloc/jemalloc,79647fe4650ddd5325ce2cedf0fced772eed3f71,c2f970c32b527660a33fa513a76d913c812dcf7c
jemalloc/jemalloc,3c8c3e9e9b59b6e34a222816a05f0a01a68919b3,c2f970c32b527660a33fa513a76d913c812dcf7c
jemalloc/jemalloc,c7d52980275b22f64c672ebaede28dc95d4f1820,d412624b25eed2b5c52b7d94a71070d3aab03cb4
jemalloc/jemalloc,9de0094e6e085f186afd608ad874402a589ed576,3ef51d7f733ac6432e80fa902a779ab5b98d74f6
jemalloc/jemalloc,44d12d435aba23c4a99af1dddf20e1777690b348,0c516a00c4cb28cff55ce0995f756b5aae074c9e
jemalloc/jemalloc,8c83c021b0c2180d21c79a00c45c41ba8d7f4eee,b8823ab02607d6f03febd32ac504bb6188c54047
jemalloc/jemalloc,9aa1543e9c1cdd8373985e16e4610fd84caafd85,0c516a00c4cb28cff55ce0995f756b5aae074c9e
jemalloc/jemalloc,22884243250a0f7d412ca745fbf7231d69abe771,b2c0d6322d2307458ae2b28545f8a5c9903d7ef5
jemalloc/jemalloc,a15841cc7d7c60b2c72c091d8048223789f5c4e0,b2c0d6322d2307458ae2b28545f8a5c9903d7ef5
jemalloc/jemalloc,4a8abbb400afe695f145a487380c04a946500bc6,b8823ab02607d6f03febd32ac504bb6188c54047
jemalloc/jemalloc,3763d3b5f92d855596e111a339c1fa9583c4602a,aa5113b1fdafd1129c22512837c6c3d66c295fc8
jemalloc/jemalloc,9d2c10f2e83e9a357630bebd220e02a2ef95d6fa,0c516a00c4cb28cff55ce0995f756b5aae074c9e
jemalloc/jemalloc,e3195fa4a54344cf707d30e510e91ed43f5a8b84,0c516a00c4cb28cff55ce0995f756b5aae074c9e
jemalloc/jemalloc,08551eee586eefa8c98f33b97679f259af50afab,8a03cf039cd06f9fa6972711195055d865673966
jemalloc/jemalloc,9cb481a73f6d2b518f695a669c1f850e477fdd2c,8bb3198f72fc7587dc93527f9f19fb5be52fa553
jemalloc/jemalloc,d260f442ce693de4351229027b37b3293fcbfd7d,8a03cf039cd06f9fa6972711195055d865673966
jemalloc/jemalloc,708ed79834fc3b8e5b14dbb0128a0ebfce63a38f,594c759f37c301d0245dc2accf4d4aaf9d202819
jemalloc/jemalloc,b4330b02a8a909aed71c46d2c661d69545628fb4,594c759f37c301d0245dc2accf4d4aaf9d202819
jemalloc/jemalloc,6bdeddb6976a9e372caafa6c5b270007b07c41ae,de249c8679a188065949f2560b1f0015ea6534b4
jemalloc/jemalloc,5716d97f7575708453ca477651eff6f1ac653dd1,8a03cf039cd06f9fa6972711195055d865673966
jemalloc/jemalloc,4becdf21dceeeaaeec37043ce59d654c214363e2,8a03cf039cd06f9fa6972711195055d865673966
jemalloc/jemalloc,65db63cf3f0c5dd5126a1b3786756486eaf931ba,8d6a3e8321a7767cb2ca0930b85d5d488a8cc659
jemalloc/jemalloc,7e336e7359ec50f06ec73f29033c7807148bf476,8d6a3e8321a7767cb2ca0930b85d5d488a8cc659
jemalloc/jemalloc,04211e226628c41da4b3804ba411b5dd4b3a02ab,602c8e0971160e4b85b08b16cf8a2375aa24bc04
jemalloc/jemalloc,764b00023f2bc97f240c3a758ed23ce9c0ad8526,602c8e0971160e4b85b08b16cf8a2375aa24bc04
jemalloc/jemalloc,d69964bd2d31387f79a5f0494de8fd255b693afb,602c8e0971160e4b85b08b16cf8a2375aa24bc04
jemalloc/jemalloc,738e089a2e707dbfc70286f7deeebc68e03d2347,339c2b23b2d61993ac768afcc72af135662c6771
jemalloc/jemalloc,02e5dcf39d4995d2f37d0b18aa8511973938ac51,cbf3a6d70371d2390b8b0e76814e04cc6088002c
jemalloc/jemalloc,3a8b9b1fd95b1bb9b3dc00f6798eeb40d5100b7b,8bb3198f72fc7587dc93527f9f19fb5be52fa553
jemalloc/jemalloc,f11a6776c78a09059f8418b718c996a065b33fca,9c43c13a35220c10d97a886616899189daceb359
jemalloc/jemalloc,9d8f3d203327a7ee9ba92814e1fd8a7d1b9c421b,602c8e0971160e4b85b08b16cf8a2375aa24bc04
jemalloc/jemalloc,c3e9e7b0412e97e4976507f914fd39901b023537,6e73dc194ee9682d3eacaf725a989f04629718f7
jemalloc/jemalloc,6e73dc194ee9682d3eacaf725a989f04629718f7,602c8e0971160e4b85b08b16cf8a2375aa24bc04
jemalloc/jemalloc,6fd53da030b5e9161a49d6010a8b38499ca2a124,602c8e0971160e4b85b08b16cf8a2375aa24bc04
jemalloc/jemalloc,1522937e9cbcfa24c881dc439cc454f9a34a7e88,aa5113b1fdafd1129c22512837c6c3d66c295fc8
i3/i3,8ce5f2a21bfc2194a0cca1da223778bcb29872af,7154fecbb
betaflight/betaflight,dd3f2a14489828c5bdec4c9a8616343d24955445,87c8847c13d7f759548c2384e400d2bc387b159a
betaflight/betaflight,6eaca17cbd56a845071d0583a4ae9e9ca827296c,0359a32
betaflight/betaflight,db36cfe12e70171c8d986b8587e2183dad0dc156,c06fd78b834582349e1aaed07f582ae0c9fd3462
unicorn-engine/unicorn,b1459f7554fd029a4a40b3136e226d4cb87463d2,fbef45b18f2f59d9699af54c6ad6ac73eaba3b29
htop-dev/htop,4ef3e1f1bb014cec9504e5247d0a0ad999597b9d,74b28849c4ee7234aa6018667ff6c8c9a6b41273
fontforge/fontforge,a18865e9a215639ce1e7e229387dac87c87c5002,36554a668c7cf3445a5e9eae0cffb675d20395e4
fontforge/fontforge,11e82177a24eb8487311e06a5cb125fa9772c893,3cb817b81abedf1b37b958b6a1d32f9079a7147b
fontforge/fontforge,4f19aa6bef1f34ef99f196de419ee464d8b5fa71,82322a4a4898aeb099b2a1f834bd111bf434ea3e
fontforge/fontforge,9c341c813964b6d96ee6504e14202fd0a140e329,3cb817b8
sparklemotion/nokogiri,d60cf83cca4ac3263b86438fae59d0568b4a0757,2e2b204804108c5c53284bb48cf6c06ac553d120
sparklemotion/nokogiri,1d6264f0863c5be7bcf98730e28c6af5e88bb973,00bd8d5
sparklemotion/nokogiri,3146e4dfe3dd105826ac993e017b930856010356,2675a7527c
Airblader/i3,8ce5f2a21bfc2194a0cca1da223778bcb29872af,7154fecbb
ponylang/ponyc,17be6cce969f16016bb76dcc2a3c0b2187c79d9c,fee5e5c
ravynsoft/ravynos,4e8d558c9d1cf3e7e424e3fb123b01979c3d57f2,f63811f0721
ravynsoft/ravynos,55b1842f92a24fe7192d129bca7b60882080d31a,f63811f0721
ravynsoft/ravynos,7623cc8f65ab1b28690d4a6580ae87b7926ed008,e582d4a2b09e
ravynsoft/ravynos,7d638df09be7482935bcf6ec8e4ea2ac8a8be1a8,1ce23dcaff6c3d777cb0d9a4a2cf02b43f777d78
ravynsoft/ravynos,8b19898a78d52b351f4d7a6ad1d8b074d037e3b7,555a861d6826
ravynsoft/ravynos,fd6ca665d206b74970e7c01d06ae06fed71500fc,56070dd2e4d
ravynsoft/ravynos,4fa690be2cfcda81eb6d1f61025d0baff6fcc19f,79a100e28e3c814773bb4c1826cfa25fbe31140e
ravynsoft/ravynos,88024c4a520bf762cf4154d730ad9784ed2acd90,26c29e743bbdbb82762540f72d4bc449bae2e092
ravynsoft/ravynos,58de61b9967b36f5fbd34e8b51ece7b4b772f104,228e2087a32847fa51168f3f0c58f931cb2cb0f8
ravynsoft/ravynos,d6f9c5a6d2f87865f9714d2b8dfd1a9f3080c71e,e0a0a3ef
ravynsoft/ravynos,da80e76821e7dc7ca2b87e711399c198d578604e,228e2087a32847fa51168f3f0c58f931cb2cb0f8
ravynsoft/ravynos,10625515ad47b52f38c13f4f1d8f8c848e9df4ee,e0a0a3ef
ravynsoft/ravynos,d7d4678fe65689af7f6335c7f84a190139bcbcdf,c14ca14
ravynsoft/ravynos,5662fd57941d020e23160b271dc27f254fb5a3c6,87c25d567
ravynsoft/ravynos,7bb1325f95d0c11a2145ff99ae15057adfbae0ac,64c688d
ravynsoft/ravynos,6d00b5e13699c946a3f78c73defe5ff1e18264a3,3dfb57a
ravynsoft/ravynos,e6603b7c1fc7ac01f8891b11df34d943812153e9,b39c22b
ravynsoft/ravynos,b858767a31bc80cc9a65d1e7af70213916bfa34a,1715493
ravynsoft/ravynos,e9e3d31d2c141af15518ce6578ef26480fe97878,fcff0f3
ravynsoft/ravynos,1be627f5c28a355bcd49e4e097114c13fae7731b,ac72fac3eaa569902cad88053167f7d74e7fe7e4
ravynsoft/ravynos,004324ecc646ae909e721dc9eda8b1f57e9db71b,30315d2
LumaTeam/Luma3DS,635235c86cd902e95caa0bc3cdbd29044897f446,7074ac1
mozilla/mozjpeg,51d021bf0168ee2d6ad79f70248a88b7f57156d0,7bb958b732e6b4f261595e2d1527d46964fe3aed
mozilla/mozjpeg,7bb958b732e6b4f261595e2d1527d46964fe3aed,e8b40f3c2ba187ba95c13c3e8ce21c8534256df7
mozilla/mozjpeg,d51830473a76304112756852723b81b10899a582,837e471a90e79b37cb4f7ef9950321f48c7c5f41
mozilla/mozjpeg,837e471a90e79b37cb4f7ef9950321f48c7c5f41,300a344d653d4a8779706e42828d945c6a53ff9d
mozilla/mozjpeg,300a344d653d4a8779706e42828d945c6a53ff9d,fc01f4673b71c0b833c59c21e8c4478a9c4bcf21
mozilla/mozjpeg,89ceac8c859f0ccde21cdff9dbcdee94d96488c8,fc01f4673b71c0b833c59c21e8c4478a9c4bcf21
mozilla/mozjpeg,427c304595f6d49f5d94d7fdf8bed594705d1b70,d7790789a6c3f0867175d781948e9d10fc55520d
mozilla/mozjpeg,d0015876ec798dbf03df23d98b72161704c7c57a,fc01f4673b71c0b833c59c21e8c4478a9c4bcf21
mozilla/mozjpeg,a405519e961aeee3096f7bff45be6330dfa054b8,9120a247436e84c0b4eea828cb11e8f665fcde30
mozilla/mozjpeg,2849d86aaae168fcac2e1b6c373c249781a41c5c,087c29e07f7533ec82fd7eb1dafc84c29e7870ec
mozilla/mozjpeg,512a7c3a51071981e4b314c9bc029f1daa3fb72b,8fa70367
mozilla/mozjpeg,4de8f6922a9be7d0a51a429e367283fd40031b26,8fa70367
mozilla/mozjpeg,40557b23015d2f8b576420231b8dd1f39f2ceed8,a46c111d9f3642f0ef3819e7298846ccc61869e0
mozilla/mozjpeg,c0b16e3d2b35b5b5d805832fcfa615300c6e345b,479501b07c0afd8912a0e0f5b4740cfce9a89a4c
mozilla/mozjpeg,b25adabcfab4470e0ee4758e8b0bd580dbf9519a,2a9e3bd7430cfda1bc812d139e0609c6aca0b884
mozilla/mozjpeg,c868e41b228d9782adde5e78c75e8b73150c2a0f,950580eb0c020598a4c6c8aa46c86e31062e1ddc
mozilla/mozjpeg,c743009717878cb22a5434c798dae5d3879d6ca2,a09ba29a55b9a43d346421210d94370065eeaf53
mozilla/mozjpeg,6aae0077453d69fde49d423ce01d44b51dc568a2,f9134384b728d8943f252b27464d83c4b7b2d159
mozilla/mozjpeg,a0047bdea4d11dfeefb9ea797865b1a2ea0a665e,dfefba77520ded5c5fd4864e76352a5f3eb23e74
mozilla/mozjpeg,dfefba77520ded5c5fd4864e76352a5f3eb23e74,a09ba29a55b9a43d346421210d94370065eeaf53
libusb/libusb,7cc06ea5c7c3b36801421a6be17b51b92c1bc05a,6cae9c6
libusb/libusb,fc9962027f2c4f22f2c5e7853d737ef89aa5b6a3,05b0b55b
axboe/fio,323876fbe897cf5748d94826380d7d907ebbee17,8c43ba62
axboe/fio,d33db728d79386d544be93c24f4e3383f2a47143,8c43ba62
nginx/unit,78e1122a3c94a150219b4b6e1e594ae5bfdd8d68,a0327445
haproxy/haproxy,c16eba8183a0f362cd7d72beba3080ecf5449c87,64c9c8e
haproxy/haproxy,9d4a44e7137fba2c7ca2823174ba1168290a1c3b,2462e5bcc
haproxy/haproxy,63a6f26a861b8cd3430d964317db1276544024c0,9f7cfb0a56352188854bdaef9617ca836c2a30c9
haproxy/haproxy,43899ec83dea8e10c21e6a907eb76391c463cc2f,f3eedfe19592ebcbaa5b97d8c68aa162e7f6f8fa
haproxy/haproxy,efc5a9d55ba46a934f1474802b90c679461ebc92,c55015e
haproxy/haproxy,87138c3524bc4242dc48cfacba82d34504958e78,13a9232ebc63fdf357ffcf4fa7a1a5e77a1eac2b
haproxy/haproxy,24be710609fe24781b489339273beec29114a3b8,150bfa8
haproxy/haproxy,17ab79f07db305c5f086f4e8fab1e3a6d38bb620,13a9232ebc63fdf357ffcf4fa7a1a5e77a1eac2b
haproxy/haproxy,f4f14eacd37e9de47bf9ecfbbd04a68baf6617ee,85888573
haproxy/haproxy,858885737c1d2672d5b1ba80a58c0bb585a0b981,b90d2cb
haproxy/haproxy,3f25ae31bdc0e7a178e75e2cd08e8deb6bfe101e,4c5adbf
haproxy/haproxy,541a534c9f64c505380b936ff15ce91a8179dfa0,44b3532
haproxy/haproxy,9417f4534ad742eda35c4cc3d1ccb390f75ea4b1,1b8e68e
haproxy/haproxy,04636b7baca1bd03191c30bc173c19fede73c048,355b203
haproxy/haproxy,d913800a7d680fdd7e7864463d5fa936b9d58fa8,0b3e849
haproxy/haproxy,99b90af6213809a018e89988d7139f7048e97208,4f45bb9
haproxy/haproxy,c3cd35f96cbb6739dace9906448c5a68f554d96e,4f45bb9
mruby/mruby,b47c8b738ae3e400ec02269fae9857222218e9d5,375d22b
mruby/mruby,ca49936468a5b2f10aa743ad2363ddcf29ff96d1,2fe556d9c039839c20965a2c90dff703f04e40ec
cjdelisle/cjdns,6e7b032a167850bb1d0226ef96b3f688e6e16dac,3d67b01ed4520436213818b1a50d1f7271a07b91
OISF/suricata,ba99241957b8fd2f1478bf3d1929eedb4f7094ab,a24d7dc45c818054f97448ce42ca9ba270b3b8e4
rainmeter/rainmeter,96baa7d214f72ecb33362b68fcd7c9fb3169f89b,262bda7
rainmeter/rainmeter,fe255e1b4e99946d435498f872acf7a951caeee5,0b84213
rainmeter/rainmeter,63f5eed742b07369e9a286d7160b38b1093dc001,38ec6c3
tianocore/edk2,1a6c837638e4081b5154fd224666a80e1eda85fe,2306555bf908
tianocore/edk2,2be4828af1c92a848af90429a9a0b44544c80553,818283de3f6d
tianocore/edk2,9790f62be1aa5ee9460d4c4ec8c720919523bb62,0d85e67714e31e0dbe4241ab2ebb7c423aba174d
tianocore/edk2,04dd0cb972cd35f4bf59f5692096a65b840156d5,7a0df26
tianocore/edk2,ade71c52a49d659b20c0b433fb11ddb4f4f543c4,684db6da64bc7b5faee4e1174e801c245f563b5c
tianocore/edk2,1c4cecc9fd314de0dce8125b0d4b45967637a401,2ec7953d49677142c5f7552e9e3d96fb406ba0c4
tianocore/edk2,5e45a1fdcfbf9b2b389122eb97475148594625f8,041d89bc0f0119df37a5fce1d0f16495ff905089
tianocore/edk2,61a62fc2587ae4d01718124f28e1ea0e60375902,bb685071c2602cf786ea84c69bbebf2158194a38
tianocore/edk2,fea5e28658c672ce2cbe38d0927ab27beb792097,03c36c36a3
tianocore/edk2,ae57950fc878618083bca435fa4bc00d4bec97c1,ac4578af364
tianocore/edk2,4423f0bc613b5451feaa546c3f330ad625d65638,855698fb69f
tianocore/edk2,8b0e67821bd66af70433ee4bb858325f3033609a,eca980c0c899
tianocore/edk2,e037e88cd81d4ac63dd627719c87c305bf0b439e,0c9f2cb10b7ddec56a3440e77219fd3ab1725e5c
tianocore/edk2,f1f8ce6de780ac03abdd5655560890f0b5989a41,d7a09cb86a0416c099fa3a9e0fbe2c8f399b28de
tianocore/edk2,1662676d58cfe56ca98d2b7aab5e49c595ee4915,d7a09cb86a0416c099fa3a9e0fbe2c8f399b28de
tianocore/edk2,fe882c01122e7e01e0e78ca8da64630faf9a7b5a,5919a9600e07
tianocore/edk2,c882bdc6712314f255c92d7c951eaf9760a9de38,0a28d02d9fb5293757c507e592a4d0404a7ecf74
tianocore/edk2,0c687d02c76592832de73850e1dc81115311318a,cd64301398876d0b3700f882b3eea12657510a70
tianocore/edk2,d0a23f9f86dc39065429dc954adbc56b099b801e,196ccda08fc4
gluster/glusterfs,45877363ce5dbb9b86138b4f6548a6b8ff747251,90cefde
gluster/glusterfs,759ec2877c5d044af0f2739cd543fbbbb0c26c00,70e6ee2
gluster/glusterfs,63ad603542044e473118d33bcc02f121c86beaa7,2ca6441
mpc-hc/mpc-hc,64ab5d7e1e539ff16f8d11ef99549d3f0c91c190,c1c4bc50d34c14a5865d24ab1f4ace4c3115a895
mpc-hc/mpc-hc,8e7c664c37d2f90ec78e3cf15f67b7a798cf4c77,a442540b53b8a040ec0cfd95fce6743922ac386f
ossec/ossec-hids,4ac9d2b09de20cb2b9b6af6e44236b354ec51826,6347a4903a4ef84756eb15238de608bf61710bba
RfidResearchGroup/proxmark3,89cbe3c7df34f7a98828c56d2f6d1dea2a1d5d07,8543db11b59f34ca120a1e6eea7f5b43adee8dac
RfidResearchGroup/proxmark3,2a150b8c6b9b6e9efc600e0821e176ba7ed2682a,ab9dab32947f10c009e30a0a446e8bd021d41988
cloudius-systems/osv,c9e61d4a45d88d8c8e79cd52fbcd38b91b291d5e,82513d41350245
libjpeg-turbo/libjpeg-turbo,51d021bf0168ee2d6ad79f70248a88b7f57156d0,7bb958b732e6b4f261595e2d1527d46964fe3aed
libjpeg-turbo/libjpeg-turbo,7bb958b732e6b4f261595e2d1527d46964fe3aed,e8b40f3c2ba187ba95c13c3e8ce21c8534256df7
libjpeg-turbo/libjpeg-turbo,d51830473a76304112756852723b81b10899a582,837e471a90e79b37cb4f7ef9950321f48c7c5f41
libjpeg-turbo/libjpeg-turbo,837e471a90e79b37cb4f7ef9950321f48c7c5f41,300a344d653d4a8779706e42828d945c6a53ff9d
libjpeg-turbo/libjpeg-turbo,300a344d653d4a8779706e42828d945c6a53ff9d,fc01f4673b71c0b833c59c21e8c4478a9c4bcf21
libjpeg-turbo/libjpeg-turbo,89ceac8c859f0ccde21cdff9dbcdee94d96488c8,fc01f4673b71c0b833c59c21e8c4478a9c4bcf21
libjpeg-turbo/libjpeg-turbo,427c304595f6d49f5d94d7fdf8bed594705d1b70,d7790789a6c3f0867175d781948e9d10fc55520d
libjpeg-turbo/libjpeg-turbo,d0015876ec798dbf03df23d98b72161704c7c57a,fc01f4673b71c0b833c59c21e8c4478a9c4bcf21
libjpeg-turbo/libjpeg-turbo,a405519e961aeee3096f7bff45be6330dfa054b8,9120a247436e84c0b4eea828cb11e8f665fcde30
libjpeg-turbo/libjpeg-turbo,2849d86aaae168fcac2e1b6c373c249781a41c5c,087c29e07f7533ec82fd7eb1dafc84c29e7870ec
libjpeg-turbo/libjpeg-turbo,4de8f6922a9be7d0a51a429e367283fd40031b26,8fa70367
libjpeg-turbo/libjpeg-turbo,40557b23015d2f8b576420231b8dd1f39f2ceed8,a46c111d9f3642f0ef3819e7298846ccc61869e0
libjpeg-turbo/libjpeg-turbo,c0b16e3d2b35b5b5d805832fcfa615300c6e345b,479501b07c0afd8912a0e0f5b4740cfce9a89a4c
libjpeg-turbo/libjpeg-turbo,b25adabcfab4470e0ee4758e8b0bd580dbf9519a,2a9e3bd7430cfda1bc812d139e0609c6aca0b884
libjpeg-turbo/libjpeg-turbo,c868e41b228d9782adde5e78c75e8b73150c2a0f,950580eb0c020598a4c6c8aa46c86e31062e1ddc
libjpeg-turbo/libjpeg-turbo,c743009717878cb22a5434c798dae5d3879d6ca2,a09ba29a55b9a43d346421210d94370065eeaf53
libjpeg-turbo/libjpeg-turbo,6aae0077453d69fde49d423ce01d44b51dc568a2,f9134384b728d8943f252b27464d83c4b7b2d159
libjpeg-turbo/libjpeg-turbo,a0047bdea4d11dfeefb9ea797865b1a2ea0a665e,dfefba77520ded5c5fd4864e76352a5f3eb23e74
libjpeg-turbo/libjpeg-turbo,dfefba77520ded5c5fd4864e76352a5f3eb23e74,a09ba29a55b9a43d346421210d94370065eeaf53
varnishcache/varnish-cache,3730f544db89ab487c0e0e775969edf9c12f63b6,eabe58bc6633012dd01ba8f2a131f4e8cd351b2e
varnishcache/varnish-cache,05356fb7c6c10d3ddd9766f474da679046922422,c1352b0b0ece8028317c838751d9042a55347cd5
varnishcache/varnish-cache,46a6a3af681644f43e2e813ee68f8bd53b4cd1bb,340abd0456e4
zsh-users/zsh,99fd8c0fe97b6e481ea41c16c753f3033aa1b47a,aa160fc8
westes/flex,3726c1a88d61630ad69c99944e736b169b9ea6b1,3603f033509d5a214b603f60ce4dd6ed7819843e
