ArtifexSoftware/mupdf,386c713b83f8788a80bb165431bf598b982385b3,0399332d54
jiangwenyuan/nuster,81a9b7230279199ddb72b015517f8b45ba64a82a,051ef368f696201195a4c77092449103dbf9458c
lattera/glibc,283d98512272a12cb84e7798c23edbdf1adb287d,9ff72da471a509a8c19791efe469f47fa6977410
lattera/glibc,d4d0ecb24474928b9dfcce6c3f09694fab2400b6,18f2945ae9216cfc
luigirizzo/netmap,e7d670a9c727bec5802fbec3ac09a9e7bd727af8,af213b07
vgmstream/vgmstream,f47fabab9a1a89a04b4d0d1ecc65d4d9c2144736,ee5a40224d9b2128a7bf0bd7d4398352e005000c
PromyLOPh/pianobar,a6340288f8259cc96b5af05bce3612dbf4f9b7e4,2b31c97de6fa541719cd26f9a61053cfc0e71203
zlib-ng/zlib-ng,598128f5d1f3aee3dac4263271e1822556b8ef88,2fa631e029084b75acd81db5d33fd4aa802fd082
DeaDBeeF-Player/deadbeef,6ac688c3dd6407c3d813d9111782a6241a706769,e287667e6ad
pure-data/pure-data,cb97b571065cc3b4f6728b6eb9dba0b0e55d402e,356fa6abd89d9
letoram/arcan,fb6316dd00504fcb1010eb455ef167bcde531d3d,4ce3eac
NagiosEnterprises/nagioscore,7ca5372d0c79f4d99f0f93fdaaf4a680e201575d,9059a683
metacall/core,da241bfb4e56086860c8a83945d9356f08271c38,0a8e42675bae592d6b938a8197384dea2ad4a380
WillPower3309/swayfx,f7aed5c7e596bc2f03426d6a91214123000d7ed7,662466e8db773926bf61b21280194a3540ae26ec
WillPower3309/swayfx,5896781df45405d41545e6227f6749ee862e05ce,5967ee1fbcba66ea57d971b924a51209a70d3aaa
GNOME/glib,a149bf2f9030168051942124536e303af8ba6176,ecdf91400e9a
GNOME/glib,aa20167d419c649f34fed06a9463890b41b1eba0,26056558be
mltframework/mlt,6a06b3218fcbeae44ab20145a0308360059012b6,2df4fc8
mltframework/mlt,52c5bde61947fb473413cd9daf4b2664769702d9,35402e6e6ea83e67cf1686743f3d21e42dfd4dd9
mltframework/mlt,7488ad221b00a38362b66ead5d5472e9dded902f,f9dc738
mltframework/mlt,7f515860dca054d984c6172038c497e84bc2ed4e,a6bb37b
bminor/glibc,b29e70657dc19048f32ba73b45da2eeba81340f8,45e2483a6c
bminor/glibc,26c176950909d60ac2a392cf9fce70eabd75f79e,4fedebc91108
bminor/glibc,c177f6610c2b794aff8d3cee1d2277e59f00e8f2,720480934ab910
bminor/glibc,30e5069c7d4b51288d3e6f75f53a6ad2f5e71b0f,e3960d1c57e57
miniupnp/miniupnp,7be0b480227ca86521dbf39a100fc960352163aa,cce19781e67364d36a9068a42d5275836ee88c89
miniupnp/miniupnp,3f04f7992c4e8f11c2a2f66e678d9e63c8103dea,53e81857252eb6504e878295c04e607a7c4c061e
mcu-tools/mcuboot,713bb795499dc80f622689697183f2916c160c0e,f68473814f17a299ff8766bc3cf86e014552f479
alephsecurity/xnu-qemu-arm64,dbb6da8ba7e02105bdbb33b527e088249c9843c8,848a1cc1e
alephsecurity/xnu-qemu-arm64,abebf92597186be2bc48d487235da28b1127860f,15fa08f845
alephsecurity/xnu-qemu-arm64,4ae4bf5bb16bd8e5b94433db9fe8265d30c53ba3,d62644b4
alephsecurity/xnu-qemu-arm64,6dd836f5d32b989e18c6dda655a26f4d73a52f6a,42043e4
alephsecurity/xnu-qemu-arm64,b8e999673bd479eed7e71a5e8bc468bca4e31d7d,6063d4c0
alephsecurity/xnu-qemu-arm64,82a93a1d307064f35c363f79b04b0a0149ac53d9,aab9913
alephsecurity/xnu-qemu-arm64,fb0e8e79a9d77ee240dbca036fa8698ce654e5d1,9b6a3ea7a699594
alephsecurity/xnu-qemu-arm64,349a3b1cc9023f67f8fa336cb3c4a8f21a4aaaf3,595a4f07
alephsecurity/xnu-qemu-arm64,d32934c84c72f57e78d430c22974677b7bcabe5d,5d24ee70bcbcf578614193526bcd5ed30a8eb16c
alephsecurity/xnu-qemu-arm64,4f306496183d81aed4b43762cf3bfd6e054de767,39097daf15c42243742667607d2cad2c9dc4f764
alephsecurity/xnu-qemu-arm64,8a8f5840082eb65d140ccfe7b128c92390cce1c3,fb6d1bbd246c7a57ef53d3847ef225cd1349d602
alephsecurity/xnu-qemu-arm64,ddcb73b7782cb6104479503faea04cc224f982b5,b9d03e352cb6b31a66545763f6a1e20c9abf0c2c
alephsecurity/xnu-qemu-arm64,f354b1a1ee7a1c72d51b42808724a2b10eec315f,8bf188aa18ef7a8
alephsecurity/xnu-qemu-arm64,f1829782d6cb931973d71649f8ad1dad66188c34,610b823ef66b993660f1ab1447a769f190e4f3b3
alephsecurity/xnu-qemu-arm64,5e59b024351f827f903f98ae522687ea53dc4f23,f90c2bcd
alephsecurity/xnu-qemu-arm64,2da8bb92fb128e686dc9e055defbc5652f7c001d,80376c3fc2c38fdd45354e4b0eb45031f35587ed
alephsecurity/xnu-qemu-arm64,29f91781bd300b228d9c38b9f6c1e0b6a38f25fb,0bfcd599e3f5c5679cc7d0165a0a1822e2f60de2
alephsecurity/xnu-qemu-arm64,81bbe906c89b6b7af58a1eeb96ec5a0bfdc3386f,703e0e89
alephsecurity/xnu-qemu-arm64,49c3c8dca7b324d0aed590bb747be2179cc631cc,869a5c6d
alephsecurity/xnu-qemu-arm64,523e727d46277688c05d2d85623ca3afd917add9,d19076faca944c31bb051b95d285e75ec67902f7
hanwckf/immortalwrt-mt798x,2d61f8821c7cf99354e904139226c132554ba180,8dcc1087602e
hanwckf/immortalwrt-mt798x,43d1d88510621801d66a0a7f46f4c4f44d89633a,8dcc1087602e
hanwckf/immortalwrt-mt798x,8960f2b80c7f40d6943f093fcb99475d145e9dc9,296312fca13a4cab1d157e0474e1f0bcca6adf5c
angband/angband,3be484537cee229e86860bbbf7957086a2fcb253,850810f00481b854d10415395ed064d9cea80d60
angband/angband,5b37ed123ea1b642ccc2e88ca54eb8fb0d9a15a6,d6886368017822967efa5911a64b8819502fd7e4
angband/angband,5c19c03c5eada65be24ff493fcbb90dc20775af2,418dd9a6d1edf63e3906bb59b4607041d6f294f6
angband/angband,769cf3704ba76d79b077acf2cce85e8ac9858afb,d581dcade0d0ece98a72dc1adc7e2bf524f8a475
angband/angband,96f35c31319fce2760b5a31ff2322cefc8fc4b53,d6886368017822967efa5911a64b8819502fd7e4
angband/angband,9861a4cf4c3139fa282ac7a3c7427592b6daf8f3,4d76112f25e5287b9c2ebfdaef80c72d13928900
angband/angband,084ae954efe770a915f55dc9c0a3caebf76d5e17,d6886368017822967efa5911a64b8819502fd7e4
angband/angband,0a0a1972b4a4eb7ec154c0ffe607ad286b68af4c,d8518ad36119589cd966e18615881fcec0be1300
angband/angband,4d1cecb299eaaf5df1b30f8b503a476a91b2928c,8a21bbe0686d08a981bf57f92a10c49d4caa1ce2
angband/angband,7579c8f0a799d97ae55d21c8fdeeaec3ecf370e6,d6886368017822967efa5911a64b8819502fd7e4
angband/angband,2651ce37ad1b6f32f40a45e7c5259464988e4cde,7ca6c3760ed01c2bcfde11254daad04eee7b0986
profanity-im/profanity,88d383b052cb7f6e8afcd15dc8043bb683f8a687,b6bb50ceb28250317351fd5115e3f187f0c56fba
profanity-im/profanity,4e999283f09a03bb40210fc48f42fd35fc2d9b77,606c1e51e688cb111b9837579a35460508324b63
pmem/pmdk,b722b29b9542cf91e686d6822ba37678cd8ba5aa,8986b6d403
pmem/pmdk,fb77c5e2d8e203f2a4e136ff963b385324ac66ed,79a3942
pmem/pmdk,4965a2c7f08b3d060992dc75022de91ea440d01b,b0abfcdc901f35e3b23620edc4999c10567053e0
mupen64plus/mupen64plus-core,06669827f959b58d33360383d7f111c3a34637a1,26cc980cf97ed32cfbe2f82ba4d934051580d947
logrotate/logrotate,361aaf9893a63d2e923f5b457becc668078f85db,dfe8dc4688254bd33d30bb4f976316f12e088f55
FDio/vpp,f91fe3b060d58713d24e302abaf950556c26601e,e6f3b467
rdesktop/rdesktop,172c76da1730db49b1c9be57c182cf3bfb564b28,e35a76bce
larryli/PuTTY,921613ff088a40b639c34918f383f274af3f04f1,61f3e3e29
bitcraze/crazyflie-firmware,c749d3b413d6ebbc32a41a40b4f942f1b1102016,59e223c48de830dd4fe737c786042b97fc9a4f52
swow/swow,f36102807aea07412a248064f6a97646d799bacf,3f0abb84
lwip-tcpip/lwip,c1c3d0e1ba6f8372e1be3cdc92c2d13feb779937,3417a02b25
lwip-tcpip/lwip,b438a0d6fd008753839235f034be89d47e6c2d88,c0e7d54e37
LouisBrunner/valgrind-macos,c4ab123605d904024c21a2bcb37684d84c935194,be7a730
LouisBrunner/valgrind-macos,06cb991bcd9966b614cd672a7d6e26785f60f851,54145019b045fffde625447b64f3a91f663de718
LouisBrunner/valgrind-macos,0f18cfc986f800b107c7eee063b8b7c04617e0b8,e847cb5429927317023d8410c3c56952aa47fb08
LibVNC/libvncserver,6b87d6154200667a66212f80068f7468eaa0f048,d7b1462
sched-ext/scx,7a18ed782c3e5c0701f66b16556d7cd693185e4e,43c9759f8c8258db66b593879c08c27ad47d216e
OpenCPN/OpenCPN,918a44b745a0e13d0d01c19b570ead6e45849d08,cca8203f40
corosync/corosync,6a9e4760da4a73df599c72fcc32d2b22f5d271ae,cb5fd775
ptt/pttbbs,5b9bf052c42fd7597bb3cb0ff67fb9cbe92b7775,f75e71c52dc0a05a5e388ecc46c4ddfc96a5fe07
ptt/pttbbs,0b688ccbe82e8ee5e160c7ab6f660f53a2d725dd,e7e540a3ff0eb7e07bc590caad3c99fd52ec8980
simple64/simple64,5efd569b540f1c3503174d1974a9dcbf4728ab9a,26cc980cf97ed32cfbe2f82ba4d934051580d947
RavenProject/Ravencoin,c0025d0a92e438155901438580e4d2ebb376b951,3192975f1d177aa9f0bbd823c6387cfbfa943610
RavenProject/Ravencoin,30abce7a998181e28e2f93256c159f259513e1a7,e2e2f4c
2ndQuadrant/pglogical,016ede54ed3f0110ef835e1b8ebf0a3374b6a5c4,95c0e898
2ndQuadrant/pglogical,c829f7e4384af2ee6a8cb68dd02577e6bd774fe2,826a2be
FascinatedBox/lily,672d182d9fa2c77f138b4bbcef4dc4b5d2aa654b,eadde9f
intel/media-driver,e36acb8e7ade1c1f81c972fdc44b8f0101b3be7a,bde3c8706e10a6d4421a2cca0f7758cfa1dfc9af
open-watcom/open-watcom-v2,ac26553c9354ff606657d53d99eeb10bd4a95ef9,f76af83c2e9cd10b34e6964ab3c71c60ba4277f0
SWI-Prolog/swipl-devel,69b025f732a9400fa90142b0b0d7bf8ad68164de,401926761e0e97844205291e1aa6c7dfcc018d76
oetiker/rrdtool-1.x,e1bddaf532ad29cf660318955875b1183000d850,cd139a88f4994c3560b56d0a3166ebfc395e42b8
uzbl/uzbl,1ce13a2cf81b677d93d816d8f2998ce34b0f922b,b93d863
CN-annotation-team/redis7.0-chinese-annotated,0b645d63193fb18a6646def558c37f6c7ee5d740,496375f
CN-annotation-team/redis7.0-chinese-annotated,c2d8d4e648faa172a65a88fcffaf4ccc10a1ad78,9d520a7f
CN-annotation-team/redis7.0-chinese-annotated,b458b2999b749950c5ea9468cfa5ab74782848c3,052e03495f
CN-annotation-team/redis7.0-chinese-annotated,a4f03bd7eb44580b44f9499c53417df45e1edfb0,3d0b427c30610b45c00b2377ee28bb69974ccea2
CN-annotation-team/redis7.0-chinese-annotated,29ac9aea5de2f395960834b262b3d94f9efedbd8,1aad55b66
CN-annotation-team/redis7.0-chinese-annotated,971e3c51b63e7a5ced6a953bdfd2d9bd53b25e52,d827dbf
DCurrent/openbor,2d93250911d74270c604452f2b33575d28a1f8de,b6e3f4131
DCurrent/openbor,082c3db4f99f04edcf97d5882fa4b75fd847c843,b6e3f4131
facebookresearch/nle,ba5efe7f61598b731f7c8d0c28ecc43e2a978061,f218e3f15e2d5525e817fb07e6a8b4773f296073
eclipse-cyclonedds/cyclonedds,5d53e740296873b2a70ee62536b2fe513526678c,d16264fd82
eclipse-cyclonedds/cyclonedds,701c6f5a5cf166769dc0bfd94fe457c311cf8097,231cb8c9
eclipse-cyclonedds/cyclonedds,94483e3371e451cc9bf1216154aa3a202576e2c5,19aec98b8a934ff3796c19c720f7d14b4134d6f0
jgmenu/jgmenu,4e5cf2768ca85cb17fcc89bdf224d304902fe1e7,f752b239042cb24843d12f9cc1932efbb19bf49e
jgmenu/jgmenu,aa105d231a36422314335fabe35254a07544d26b,aa1357d3
HerculesWS/Hercules,ea17b73a2b8cd0438317f1afb62e929abc73bc4f,0eca88efc69becc591428fbb6b9fddd9237afd3d
apache/cloudberry,e4f5a015e505674194a830cd095185f5f17d8692,9ce6ab6c24
apache/cloudberry,ee57467cb6b2ce1e25d367cbd64cc60ae9ba0eb3,94aceed317730953476bec490ce0148b2af3c383
apache/cloudberry,de1510e2f5a1826890b206253016ebfc592c2f0a,bed9075
apache/cloudberry,87b2124dfa0782a697ea7b90aff15a6f6117a720,c13585f
apache/cloudberry,802177090992511c610804da54a4603d4f50c594,f61db909d
apache/cloudberry,1632ea43682fcea8836ea245771ae85b9e1bcd38,c6550776394e
apache/cloudberry,fb0f5f0172edf9f63c8f70ea9c1ec043b61c770e,bbe0a81d
apache/cloudberry,1b5617eb844cd2470a334c1d2eec66cf9b39c41a,0827e8af70f4
apache/cloudberry,fa8fbadb934b4727a7aeff074995e799f4685a75,b94409a02f
apache/cloudberry,e798d095da3a4a4bb5c50bb3dff886f07ef52f55,578b229718e8
apache/cloudberry,c50624cdd248c13b4ba199f95e24c88d2cc8a097,0d1a3343
apache/cloudberry,8a4f9522d0c7d197c7eaa62cc72fb1bf9b90f05b,ce0fdbfe97
apache/cloudberry,42d74e0c443760af91875af99d2655c9eb4c40df,87ae969
apache/cloudberry,27a48e5a16ff2227ddf44ee717d9bcd89d22a7aa,52a10224e
apache/cloudberry,5ae1572993ae8bf1f6c33a933915c07cc9bc0add,b2a5545
apache/cloudberry,51c388987734cb318c8fa875f382ca75a34d0010,87ae969
apache/cloudberry,1f4297444512ff7ea1769340d124c8e0f9d15b52,dc96f66789
apache/cloudberry,1d09fb1f0a9c7edc3298104fc4350e49169f6f2a,b36805f
apache/cloudberry,8d84dd00123985e739233fa67c9b1d555f33ed03,6e5f8d4
apache/cloudberry,fdeeb524b4e28affc527548af389c75e0a99c340,61d7c7b
apache/cloudberry,c4b0edb07ed53063ea4c86cd7918ad6ea01d8979,008cf04
apache/cloudberry,70116493a8e07713f7e1270646ca1147898b4f6d,d9fadbf
apache/cloudberry,1df5875d39383b3981b804666ee1f4b0ff65943f,1d92a0c
apache/cloudberry,9acda731184c1ebdf99172cbb19d0404b7eebc37,71d84ef
apache/cloudberry,05ba8370b8e4b5c8f3dd51986b9fdeb43fed5610,d37b816
apache/cloudberry,3373c7155350cf6fcd51dd090f29e1332901e329,100340e2d
apache/cloudberry,fa19a08d71fbeefc39415d9c6c70128460d41f94,1d27dcf
apache/cloudberry,313f56ce2d1b9dfd3483e4f39611baa27852835a,6e5f8d489acc
apache/cloudberry,295eca01de97f4077ea6876a268213a9de47df25,256e0507ed3
apache/cloudberry,2c20242c2dba26098b79ac6763f904a6f912b657,b95b5425706
apache/cloudberry,b34a50c329222763095756e8bdbc5dff1f9efa04,f2f86174e
apache/cloudberry,9010156445c420361c2cef9557751c0b8b52644b,82a5649
apache/cloudberry,a7eadaaaaf089994279488f795bdedd9ded1682a,266b6ac
apache/cloudberry,1707a0d2aa6b2bcfe78f63836c769943a1a6b9e0,fe0a0b5
apache/cloudberry,a490e50f3de23bd8a103d6b87eb6ed1ee99dac14,4eb65a53
apache/cloudberry,f0a29e790ae76005a165244d6f7d517cf53c1573,02213a7
apache/cloudberry,2128be1752715a8c9ef24e1e465a24a585b1c49a,f4f4bdcc
apache/cloudberry,20bef2c3110af295501919bac463b87ac58876de,df18c51f2955
apache/cloudberry,ae3f337cb3f8ebf9d75937e9964c2cb36e5f2c5b,a4cbf58
apache/cloudberry,ad9a274778d2d88c46b90309212b92ee7fdf9afe,8561e4840c81f7e345be2df170839846814fa004
apache/cloudberry,0d3ae2a02115f7fc70a6c2fc27344e4c379232a9,916f460
apache/cloudberry,5c642b07c62e9119d41cec3791509d21a04770bb,353a937da9e9
apache/cloudberry,7ee71ea95e56987aec1852918e964e22030b6ede,b3abb1b7e6117b852c0453e6d1f76a2ab37f40d7
apache/cloudberry,be2f0385c3248a6195451424e11aa88d3ef47cc6,8baaa67
apache/cloudberry,3b790d256f8489d0765c3389d6860f1c6b4a9b2d,98a64d0bd713cb89e61bef6432befc4b7b5da59e
apache/cloudberry,2f4193c3509a822c55cc0eae77e7788806d9b022,6d46f4783efe457f74816a75173eb23ed8930020
apache/cloudberry,06ca28d5ab2f810ef25e718e0d71f2233542c151,854adb8
apache/cloudberry,6f822952eea112d3e19a0ddaad32e99d1943f29d,6868ed749
webmproject/libvpx,d578bdad028735fda27730fb6617866d52dcaf29,863f860
rauc/rauc,cc3fa445997d93f1ddba41e1cf92367dddd7200f,a61bb4e0
OSGeo/grass,9ee21ec1c83b0e70a0971d569187972cb6c068cf,bf53e3a3608f7fddcea15190b86d3c232a2518fd
OSGeo/grass,8c4f244c9533b64b7be5101cd7c4da0d496e89a5,8dced26735eba9c385a2eebd1d31d97f2b808386
Sneeds-Feed-and-Seed/sneedacity,cccc7a7c4ebf2b46b3e1ab8d0d0dca7cda64ee02,ffa67d2
Sneeds-Feed-and-Seed/sneedacity,f86403378be49a71c32a0339c00349b93361ea11,273ba9f
ndless-nspire/Ndless,2b5eef6478e6348ea2d693951cb921c34ff6dd31,40a71ca
danoon2/Boxedwine,cb15bdc09edf76729e4049adee7cfc28364d7e2a,5e53844
TurboVNC/turbovnc,d6c001708d9e2eb58feed443840cbf86c04ca25d,01549361cb5f85b93403feb36df8ab5694a6f962
TurboVNC/turbovnc,2fc109d852a3d5d4e46dde8f7cd74a1663b66354,d94fe5343c964af95c68be069b1033403b78ed28
TurboVNC/turbovnc,ae807ad3f0d90ff1c1d31b42645a514c29158f55,0c8c01e2981cbb0d4a7bef35d12734824fd34a55
TurboVNC/turbovnc,2c5c8b5987cd1cc8e12a28e91d3437b02a2fca65,8032b4e750fb448492bc4fecb7047302d9473983
TurboVNC/turbovnc,a0142bfa9382cca2eeea3bd845515ba9292bfc71,8032b4e750fb448492bc4fecb7047302d9473983
TurboVNC/turbovnc,b06411436fb4ebe072eadea350fc65665f17d6a4,0912305e256397dd7425edc091a8f4aa75ca323c
TurboVNC/turbovnc,aaae9c5b386213672ff7ffdeaa905f9afdab0820,23b49794661cb8dc509363eda7f48c15ab2716c4
TurboVNC/turbovnc,ca4baed79606fb7de9bc0753845b747b1dd7ed60,a726b947d40e6994744e40051f3e7a28bdbeaa7e
TurboVNC/turbovnc,944b77935ecf6183019175b4acdc42053ca3c718,5cb50b8f8732d0d79689e207fd67bc9692c38e69
TurboVNC/turbovnc,fe8e9f20fdf9d257c2c7f2161de8f107c6aae65d,296404be205d608eb0fca3c7182987b757524fe2
TurboVNC/turbovnc,3ced56fade06e3b707d7a80bd6e82166ee9cf943,89d3ab6e7d0f05f93375c100a1be201c2ffc2a8e
libxsmm/libxsmm,8967a6122df77411ff63a8db6bab804da3c584a7,a47895d9f6d2cb4b0b58f618b6c25738fd1030b3
samtools/htslib,7ce510c92bb841ded9972cdfaefa527fe34a5e71,b49eea4
samtools/htslib,b49eea478114759efe19e718c38e7deb00614b21,8f782d120433eb0321a1c0db6ee49e6bc838563e
samtools/htslib,306664a776435a1c86d7263f16deb43b30db55fd,642783e2aa8a0697fb7352dde6f359cd74593437
bluez/bluez,9efc138e98080e1e3f27e56c30cf289e014d5302,173045553c15
bluez/bluez,29f0bdb545a4bd18435ebda9654afc949efd82d6,dbd6591bd1d0
bluez/bluez,dbd6591bd1d02ace39debd8a67c75b3cbe9c4d66,713f6f09f017
bluez/bluez,7861c511ca7ecbbf8223aee22a3085d6152799cf,04153538aaf4
bluez/bluez,12d6fd9b9ddc8a7e98bdba744fabb96fefb08e3c,ab31e2f7e828df3d971cba6f12859edc69f149d5
bluez/bluez,9bb331f2d5e63b2466647d11f5fc8b6685649cab,7ece89b0b6f1ef8b4d4ca132a5163c08a14c41e2
bluez/bluez,0766120230d85feb1508f8bd4bbb52c95cb71d42,ef024c2c44b4f0dab3c054d062a911cacef1fdc9
bluez/bluez,c9a87056d733bc23279b30243f03923e53153a94,caa5835cd805e9771cddef35906a31cce0232dde
bluez/bluez,021712264c6890667d47b96c45890f5109170fe5,35938b779dc8d2498e66e6a6483a36c1f99c2e19
bluez/bluez,6132e6eee07fab1f5eda9420a39b61364d5d41ed,455fb131f08cddc9759c877e38ebff3b4bd975b2
bluez/bluez,a7c80bd48dfb8e602981dbb78f4d515111616591,a0f543f0eb8ee35f5cfac3b86f0a88e3f01809ff
bluez/bluez,4920323c7790ad66206c2b5de33e365754d07ce7,33cdfcb0fabcfb5260953a13ae277b5abe9a322d
bluez/bluez,a9c4e4a0aec81cecbc2bded149b924028953a952,37b02c1ef9be4f989c9ad5e511f519d35f2bc088
sipwise/rtpengine,c6f43b7d2b946eeaa90638c9de73bc8174692686,6c03a44c
sipwise/rtpengine,d1c4b44f790c826e1bd96a1fd06fed9c8b014387,d7b8ebbc687ea840913ecb6fa6f020df901e8fb9
sipwise/rtpengine,f636f54a2ff6302a1f987c1a2de43f802c78db4c,1bf894c
sipwise/rtpengine,6b7bf4df9219f017ff044a26feb438bb5d4bcbd0,3444feb
openzfsonosx/zfs,1be627f5c28a355bcd49e4e097114c13fae7731b,ac72fac3eaa569902cad88053167f7d74e7fe7e4
openzfsonosx/zfs,004324ecc646ae909e721dc9eda8b1f57e9db71b,30315d2
openzfsonosx/zfs,63048d47ba3deee53d9fd5338d6662582ede5235,30315d2
daos-stack/daos,819a0c1348da1b02d872999734254e62754099e4,539f2d0
groonga/groonga,756f4c36987cd646a99adbaf88a2c9cb67e87b3e,3d0edc67bcc00969791b5fb9d5d6ab54156b74d3
groonga/groonga,2d754078d93945591a96e9522cf3ad7985a7ef66,ba46bf7d0d014a407cb37a7b72cfeec72fee5cc5
groonga/groonga,567014d9c578bd4debb8d776cdf443deff51265e,6d460140176dfb5c348820963bda11dbb114c5e9
devkitPro/libctru,8ac3549abfd984c710ab04de266abc876da3ebeb,c75ed65
fangfufu/httpdirfs,595c6d275ef119c42dbb13a99dd676d07d096cf0,e76b079fe6951ea28acdc700069b9d33e9f69c7a
tpm2-software/tpm2-tss,ca22d650da4360ee136d627ebee2b3c9d8b8af82,2b7d89b2
kilograham/rp2040-doom,0cd3b7e5f8634468676b3b6ff1a525837bf3de2d,b0585fa6
gpg/gnupg,6158811304937b592601ef30c29c5a5cdbaa88ea,b3286af3
collabora/libsurvive,037189ebbcdb2a0bedd6fe6a8d1ad3910ac6caad,464dd97
dyninst/dyninst,9b3221d0c646e5a7d46927765e12676e1de4a285,558227822
dyninst/dyninst,11baee8e51ca409b158718425d320be439bd2419,30f08e7b
dyninst/dyninst,383e034dc173d8a9fa6dfc5b96c2d82f96f4a6a3,976099e5d
dyninst/dyninst,8c9c511a67be797a6cc75442c76d968e585940cc,40f9295af
CCExtractor/ccextractor,e98137e059d7de53cdc696c2fcb191dcfbcbfe09,19241744d71adeda0f29c553b966236e88312c94
mean00/avidemux2,3bff2b2df0f3c93628daa6d9b5aca4f9b130146e,15cc7ed
mean00/avidemux2,4fd687e051d311c118c8c4dc10d2d05ea2b68873,3d94549
samtools/bcftools,9bfaa6dfec44e328951ddd76eca142d6036f68f7,12a6617a0b571c1a8b9903a9f75975a232c1257c
samtools/bcftools,311486e486546fb07fdcf466c3edc5179f60be25,e4e161068
samtools/bcftools,90530a80a86899611782a954a62180fe24754261,c51199511c
samtools/bcftools,1ce0f47e8d6ae35502a923baa0bd86c698b6e101,781c1f38
samtools/bcftools,37e076a97644bd96c660c2fc58b009b8ea0e1708,7636da2
nsxiv/nsxiv,bed596bf47a1571639aa1427dbdd57f00ed0503e,3659361
nsxiv/nsxiv,b4268fbf38d1f8433c73999466e116e68c7f81e7,6922d5d
intel/libva,b5407cfc0dd8d98b9e9fef314171fdf9cc23011f,027a1298c22aeecc2fee2d270cd86790530892f6
micropython/micropython-esp32,68e71eacb8f5e67f9765ccd8639ca359bc3417de,71a3d6ec3bd02c5bd13334537e1bd146bb643bad
libMesh/libmesh,a177c9f8d531ba8cf9c610ecdf6c239b0f6869ed,353e0fc8
libMesh/libmesh,745d581d70cf6f8f2d4fc45465d14f1cc215127f,aa6e5af
libMesh/libmesh,5f783cbcb79e6ddc8870b068608aacee88889fe8,bca60c6aa
libMesh/libmesh,b0f795385f70dad2b9eae6d81eef4f7f817e92a9,103227d6
libMesh/libmesh,6bef5e97ef0ef594e155139758be70cee692bbc0,25f3634
xen-project/xen,aa80a04df488528d90a0d892f0752571b1759e8b,b576497e3b7d
xen-project/xen,2278d2cbb0b7c1b48b298c6c4c6a7de2271ac928,cf4af9d6d6c
xen-project/xen,a2d194b2579f66bb53cab740bba39090a3190158,7059afb202ff
xen-project/xen,dff593c7b6eb1cfd4591b662a880a0c9325cce40,c61a6f74f80eb36ed83a82f713db3143159b9009
xen-project/xen,c9c430df0062e0f6a1d95c5d3eb8af267183c6f0,b701ccc8
xen-project/xen,7ec4b2f89e54d8bdfbeb5f4a4c2ec85d15819e8b,a36590e1b5040838af19d2ca712a516f07a6062b
xen-project/xen,123c7793797502b222300eb710cd3873dcca41ee,83904107a33c9badc34ecdd1f8ca0f9271e5e370
xen-project/xen,895661ae98f0249f50280b4acfb9dda70b76d7e9,090ca8c1
xen-project/xen,178fd279dc138243b514b4ecd48509e4bf5d1ede,2ee9cbf9
RTEMS/rtems,2f299f7f88348241a99faa82a34d98c5a9e54dba,b48166b9b6e845519d1eba8177b31d47c50c1794
RTEMS/rtems,6641cc87b87e0abf79138bbe0fbd303e04b547bf,a89ecaa1a94d49ddae7753d6b83923e9d2a00486
RTEMS/rtems,aa1c6ddd5cf32ae9e7d4e0c3ef94ed57ad3c0384,78baeb757957fa0807c30e6c4d21ae99c9639e6a
RTEMS/rtems,6e6e23384fe5ea7b37c0b56066221f1273cd4abb,ced28f2cfcee6d32ad7bb72e16b235212eb2eaaf
RTEMS/rtems,3bf9fdbe040136753e6a2c809bd18a44ac5fac03,b04b76c6a0c87ffc9670d356e793108411ce355a
RTEMS/rtems,b1b8bd25b1b97ed549bc6b0cc595fc721aa98cf2,f27383a518836881b7b9b88e88d2e31d5b23d048
RTEMS/rtems,3feca902a2e2dac8e07637be6f5a68524a76f85a,be8897644043e4378db7add02c3c9e1ac7fde563
RTEMS/rtems,d64f2e7a852326c5a6f06ec0197d0afae6d5eb2d,258ad71e9626c16f30b40e06c321326636c976ff
RTEMS/rtems,6c4aaf4f3167a9ca2eb2b1ae9b87381a03cb8aa1,0d3b5d47429effb350448d9e9123a67db722109f
RTEMS/rtems,885c342e043f2281a0bc707cd0bc59726d1c4b79,ccd54344d904b657123e4e4ba795a32212382be2
TrampolineRTOS/trampoline,acb10e4267faeb05c4656f02f1f69b02e012bb7a,b1fc96a2b55d0865322
danakj/openbox,98b02c6b60bbde2a5db026b3ee3e6e6dc44d1a92,0dd91ba0e2382a8f6177f501f8a0b26e0daf26a8
iputils/iputils,0cd6217f9e18dac949fbf88269a7bea9d3ae3b6c,c9aca1b53324bcd1b5a2de5c645813f80eccd016
Xilinx-CNS/onload,2e2b7dde634189ca108b327f801fd7b29524ab2e,74ee5ef484
ofiwg/libfabric,a6f4a66d5f0c89c5ed6d62e79cd361efc1018a5b,7f23127
ofiwg/libfabric,16954dc0816829b15ffe313773fd3bf36f99725a,862a18a
ofiwg/libfabric,dac047b9b12ff45a977e885733790195e98be58a,862a18a
ofiwg/libfabric,74d7b9444067d8528a0a1014c61ac26afe4133df,80565052
SSSD/sssd,fa2d7a49241df0d3bde40dd19162276f148e1ecb,c0f767c5513183048a3abae447881ded505cce47
SSSD/sssd,5b87af6f5b50c464ee7ea4558f73431e398e1423,7aa96458f3bec4ef6ff7385107458e6b2b0b06ac
SSSD/sssd,0d1d9d8001232f74eca63cbba6c400d507b33823,40de79d69860ec7f04bf7795bd88b641ec42fd23
SSSD/sssd,93362b533abfc41ad4d8c3e91399549a545b9d51,5e2301b8a75d10e5cbbe11e26e5192b894af6ad7
GNOME/libxml2,a7b9f3ebdfc761d6f21c83cab976f785633bf75f,956534e
Xilinx/u-boot-xlnx,feb858012f51e672025a8c12e69077646280b68b,f3a14d37
Xilinx/u-boot-xlnx,92c78a3bbcb2ce508b4bf1c4a1e0940406a024bb,65e43a1063
Xilinx/u-boot-xlnx,ce6754df61cbe23b5b73d095a00ac9a8504b3d77,53677ef18
Xilinx/u-boot-xlnx,6e7b7b6ea1b6d04dbe96242eb6a0c1c664c98e8c,afaac86fe2948ac84cd9a12bbed883b3c683e7d9
dosemu2/dosemu2,cfd75f27fa135de9449839f1087b84dff3887e5c,8f1ac2e4
dosemu2/dosemu2,5e8fdb7abc3127e518b9d8275121d6a3390f3e7a,20ba2a7d6
dosemu2/dosemu2,ebdc6e9b9f5a2771f75092bc6791eb0fe0e7b97c,5f00cc2
open-mpi/hwloc,5b49a8f35a3bccde0b408e524967dd1fd709184b,c0710b77594deede2b38095d22984e45a600e9d3
open-mpi/hwloc,374e45a964fe28fdffd66eade919815e9ecba1ee,006637dbf441e23953e00a2d461162277eac9b7f
haasn/libplacebo,2d2aafff62610bddf980ddf82e5e1cc15026df52,8ef0f36917
haasn/libplacebo,fd9e5cdbec9deb6bf2058ee3cf32efa84e604c8f,68375667
CoSMoSoftware/OBS-studio-webrtc,c13357ff91ede253346edd78d1047ffa8eefad00,8b632fa227e2df4865ad59af84af39b8c2ce8e49
CoSMoSoftware/OBS-studio-webrtc,14bfa071688cdf36a8efa8543b0e8e2902fabf2f,d7848f3cb74
RasPlex/OpenPHT,d850925795b47c047ab8c94e17b8da3e01558255,9c8624993d8434667483
pmodels/mpich,e0fd81a2bbd2bc00c4d4ff55c9035c2bf33a3c7a,f7470a15
pmodels/mpich,f4f0aced16180c51aa5a2ac67dac43125d90d486,69900d68bf2d
tianocore/edk2-platforms,8ed5b8c2440c60acc09714d35c6c09501e2a91bb,8b72f720d53e
OpenSmalltalk/opensmalltalk-vm,21a2fc963e2deb2071d1a89eb8594b6d7e7b09f3,220f91c6de598f069d1070f6408f721526298d3f
ovn-org/ovn,65bfce4ae0603c8c3576acc5b3cd1ba5afff4c00,cf3b7538666cd1ef
ovn-org/ovn,be58eabb281bafffc2eb60c2ee31446f312a2a83,10e576406c7444ef
containers/fuse-overlayfs,7251f20c4befce5fb79d3f31ba2b1d72a9561383,b25bbde64dc5d06373e087d7fae6367acf1fd09e
DragonFlyBSD/DragonFlyBSD,79b114a050a39e17e910fcccc7396c345d91e9cb,e3cefcca
DragonFlyBSD/DragonFlyBSD,2b970b2ffcbfc78d51b784666286c2f85a1de488,67616947
DragonFlyBSD/DragonFlyBSD,a3f5db13444ab566a676a0f666d3e73ed27ac48b,efa391c40c414e7071b2041f1888180deb1806b9
DragonFlyBSD/DragonFlyBSD,cfa47be2c68f263beefed8602f21a4502ad4e426,7ba1363dc2de5d52704
kvmtool/kvmtool,3ce000c5f3a8341fe190883f43dd9bd6cf15a2e7,d0e2772b93ab
xelerance/xl2tpd,551b92fd691d8a6ce2e9d32f15dfbe252b2c434d,90368df06394a26639341a50fac17a87e188c638
eudev-project/eudev,1d4ec315707a9d1411efc5d2ef4a47f9374ab525,d200735e13c52dcfe36c0e066f9f6c2fbfb85a9c
