repo,fix_period,BIC_sha,BIC_time,BIC_files_count,BIC_LOC_changes,BFC_sha,BFC_time,BFC_files_count,BFC_LOC_changes
redis/redis,130,496375f,2022-02-22T12:00:37Z,4,184,0b645d63193fb18a6646def558c37f6c7ee5d740,2022-07-03T10:35:58Z,1,6
redis/redis,3219,9d520a7f,2013-07-16T13:05:13Z,1,8,c2d8d4e648faa172a65a88fcffaf4ccc10a1ad78,2022-05-10T11:55:09Z,1,4
redis/redis,867,052e03495f,2019-03-14T16:06:59Z,1,18,b458b2999b749950c5ea9468cfa5ab74782848c3,2021-07-29T09:11:29Z,1,12
redis/redis,0,3d0b427c30610b45c00b2377ee28bb69974ccea2,2021-03-10T16:02:17Z,6,189,a4f03bd7eb44580b44f9499c53417df45e1edfb0,2021-03-11T11:50:13Z,1,6
redis/redis,15,1aad55b66,2021-01-26T07:31:54Z,9,307,29ac9aea5de2f395960834b262b3d94f9efedbd8,2021-02-10T16:38:10Z,1,4
redis/redis,54,d827dbf,2016-03-11T20:22:36Z,1,9,971e3c51b63e7a5ced6a953bdfd2d9bd53b25e52,2016-05-05T09:33:43Z,2,39
obsproject/obs-studio,1353,dc4e20500,2017-03-27T16:01:13Z,2,12,df4eb8219cfcd8b74a14e3caabd56bf0f648faea,2020-12-10T10:45:31Z,1,2
obsproject/obs-studio,4,8b632fa227e2df4865ad59af84af39b8c2ce8e49,2020-08-28T23:25:36Z,1,106,c13357ff91ede253346edd78d1047ffa8eefad00,2020-09-02T23:11:37Z,1,22
obsproject/obs-studio,0,d7848f3cb74,2015-11-15T17:43:39Z,1,9,14bfa071688cdf36a8efa8543b0e8e2902fabf2f,2015-11-16T16:22:55Z,1,8
mpv-player/mpv,332,e2284fba1,2024-01-10T23:43:12Z,4,54,4747865fefbc057e0c7998c361fe41ca2e9d9d4f,2024-12-08T23:39:44Z,1,23
mpv-player/mpv,2868,a714f8e928,2016-03-05T11:45:54Z,1,2,0f2370476b4279040261878c601fb8015a8502d7,2024-01-11T13:54:25Z,1,7
mpv-player/mpv,28,1f8013ff3fddd788a517656e09f5ce5d7efd928d,2023-07-15T19:20:27Z,2,42,221a574a503604fbda6f25f171852d99e49de06b,2023-08-13T18:59:45Z,1,2
mpv-player/mpv,19,2e7fcc5a2,2023-07-01T07:03:11Z,1,2,2dc8e70093d9f80a01696f059ff02784bcb7b5f0,2023-07-20T17:31:30Z,1,15
mpv-player/mpv,327,d07b7f0,2019-12-16T01:32:17Z,4,59,873ae0de2af3bb84a11e5e57f6e3a8942b2263c2,2020-11-08T00:36:26Z,4,88
mpv-player/mpv,2,362015c,2016-05-14T05:05:04Z,8,275,8262a4dd5296f11338b2d54190982b1e07aa1267,2016-05-17T04:36:27Z,1,4
mpv-player/mpv,65,5b38a52,2013-04-26T00:13:30Z,11,505,2396e62c0be8be2bb39cd2a85021a5f391a0fe54,2013-06-30T17:32:47Z,1,3
facebook/zstd,17,bb68062c590dbd46905907dd2a63a658040a79d4,2016-10-18T23:08:52Z,5,32,dc904ad17bf608db483f6187bdbcd5ed43fea88d,2016-11-04T23:18:59Z,2,4
micropython/micropython,450,35fb90bd57e1a3259aaf67cede50628da6888485,2021-09-20T04:04:08Z,1,17,fd1e66edb3ef479016dbcc5aa7158d8fdfec5793,2022-12-14T04:38:48Z,1,13
micropython/micropython,151,70affd9ba22e7f62666a9a2fafc2a3c0be9ef95a,2020-04-13T18:56:31Z,14,48,b31cb21a3936b97af4a52b082e1f40c2061aeab7,2020-09-12T03:47:59Z,1,4
micropython/micropython,69,71a3d6ec3bd02c5bd13334537e1bd146bb643bad,2017-03-17T03:54:53Z,6,121,68e71eacb8f5e67f9765ccd8639ca359bc3417de,2017-05-25T10:35:57Z,1,1
valkey-io/valkey,130,496375f,2022-02-22T12:00:37Z,4,184,0b645d63193fb18a6646def558c37f6c7ee5d740,2022-07-03T10:35:58Z,1,6
valkey-io/valkey,3219,9d520a7f,2013-07-16T13:05:13Z,1,8,c2d8d4e648faa172a65a88fcffaf4ccc10a1ad78,2022-05-10T11:55:09Z,1,4
valkey-io/valkey,867,052e03495f,2019-03-14T16:06:59Z,1,18,b458b2999b749950c5ea9468cfa5ab74782848c3,2021-07-29T09:11:29Z,1,12
valkey-io/valkey,0,3d0b427c30610b45c00b2377ee28bb69974ccea2,2021-03-10T16:02:17Z,6,189,a4f03bd7eb44580b44f9499c53417df45e1edfb0,2021-03-11T11:50:13Z,1,6
valkey-io/valkey,15,1aad55b66,2021-01-26T07:31:54Z,9,307,29ac9aea5de2f395960834b262b3d94f9efedbd8,2021-02-10T16:38:10Z,1,4
valkey-io/valkey,54,d827dbf,2016-03-11T20:22:36Z,1,9,971e3c51b63e7a5ced6a953bdfd2d9bd53b25e52,2016-05-05T09:33:43Z,2,39
swaywm/sway,2,662466e8db773926bf61b21280194a3540ae26ec,2018-10-22T14:02:08Z,2,14,f7aed5c7e596bc2f03426d6a91214123000d7ed7,2018-10-25T07:32:16Z,1,4
swaywm/sway,0,5967ee1fbcba66ea57d971b924a51209a70d3aaa,2018-09-06T10:20:29Z,1,2,5896781df45405d41545e6227f6749ee862e05ce,2018-09-06T11:15:24Z,1,7
glfw/glfw,67,2c204ab52ecaa51bfd32b777aef715dae937f009,2022-05-05T20:23:12Z,7,71,fd7e737216dfdcecd4522b7d8c8dd2439d3dac3b,2022-07-12T09:44:37Z,1,2
glfw/glfw,2191,b889aa784129b3e7d1219a55a1008bd6518183db,2014-04-24T05:10:58Z,3,265,cab41529da42f46dc6d6aec159a9b8d1d1331652,2020-04-23T19:27:28Z,1,48
glfw/glfw,11,fe57e3c2921a1901390534e1e51053df70b5644b,2020-01-01T15:56:32Z,3,44,9372ba95faabd1bb45280d201d6ccdae77bf872e,2020-01-12T16:18:21Z,1,7
glfw/glfw,436,72ac5badb0a188b0d912b1e4fa79a5e143253474,2016-08-18T15:47:54Z,8,25,a1154247fad6ebd1e109e4cdbc32b93266646835,2017-10-29T14:52:22Z,1,11
glfw/glfw,42,8597002a177beb56db09cd1a9fca0025687dc706,2017-04-05T01:41:12Z,2,98,2023095d8e63e50fb48f28d1d5643591eec19124,2017-05-17T20:10:24Z,1,4
glfw/glfw,2,e9560ef021c101def23a5c3b383d057b2a0e58d3,2017-02-28T18:23:25Z,18,135,0e0862cfc7694f87b5bcf1022b45c41a5f51c363,2017-03-03T17:51:40Z,3,25
glfw/glfw,1,e9560ef021c101def23a5c3b383d057b2a0e58d3,2017-02-28T18:23:25Z,18,135,d88347ee7de728466a0931c6f707926a4653df9d,2017-03-02T16:52:32Z,3,25
glfw/glfw,0,4d146cb39d,2015-02-22T16:31:32Z,2,3,c43f0829936203adf2e6d42d3697e43c47092a07,2015-02-23T04:14:24Z,2,3
libsdl-org/SDL,16,9ff3446f036094bc005ef119e0cf07fc9b503b8e,2024-08-23T00:33:49Z,300,12419,4c0cb94b961a90d744ef585b86791654a2936514,2024-09-08T11:12:44Z,1,4
libsdl-org/SDL,16,9ff3446f036094bc005ef119e0cf07fc9b503b8e,2024-08-23T00:33:49Z,300,12419,3eb49ac8627500dd5a2960c278b4206c5c0374da,2024-09-08T10:42:52Z,1,2
libsdl-org/SDL,0,919cd56b20c59249bdde3bb005aeeb8f6550f3e3,2023-12-21T03:05:20Z,14,69,a2e05480d63cac530269c846422e7de3b44e830f,2023-12-21T13:11:32Z,1,8
Genymobile/scrcpy,14,a10f8cd798023f858796b023cb846fa2184ad2c7,2024-07-15T08:57:46Z,9,191,071d459ad7d32fb6465216a0f5df7696db3adc02,2024-07-29T17:58:40Z,1,4
jqlang/jq,0,9760245,2015-01-14T00:57:35Z,2,6,cca3e92854db2a8d8059cf31bb1c74657065024f,2015-01-14T21:50:15Z,2,6
jqlang/jq,0,9760245,2015-01-14T00:57:35Z,2,6,4d05dc55a374c076d6d3837a09246a4f4cc694c3,2015-01-14T11:24:27Z,2,6
jqlang/jq,0,8ca07a0,2014-12-24T06:01:43Z,1,2,1cdcff1c01ff4681f8d73ec4ba9689a702c4c17a,2014-12-24T08:24:53Z,1,2
jart/cosmopolitan,0,ed93fc3dd79c440d56f7350dda77664e8c335172,2024-05-25T02:28:23Z,8,371,1df4296208ec0cf1b2d440dfc687cb27fc4dfa09,2024-05-25T12:58:09Z,3,28
jart/cosmopolitan,1,3b086af91,2023-10-11T21:54:42Z,22,314,3851025b77fcb8aa94df8bf8e42df3d71afa16ce,2023-10-13T17:48:04Z,7,37
jart/cosmopolitan,16,4778cd4d27131374053ea797e14021fea7bb3d55,2023-06-15T00:02:57Z,187,2865,053681cb97aa3204e4577b4f2773bd10f537cf9e,2023-07-01T07:17:33Z,9,71
jart/cosmopolitan,185,3f0bcdc3ef00c2c79b1be85b1fa207d508509ac7,2022-11-06T02:49:41Z,173,2379,86d9323a43d37b4cfaaa541a11f47aeafa24742d,2023-05-10T06:09:00Z,3,6
jart/cosmopolitan,8,c23b6ecc3,2022-03-23T02:51:27Z,162,1000,1ff1854107a5f4c57a4492d0460d2b4578c1f3ad,2022-04-01T00:07:22Z,4,155
jonas/tig,265,2a8ef0ffbc6c52270c9ce60d16dcf2c544428f92,2024-05-15T20:48:52Z,2,27,e4e63b9dc9ba5c48ee26c06ca168e32c7b5c08be,2025-02-05T17:58:21Z,2,10
jonas/tig,2,362a579,2014-04-08T02:05:50Z,8,139,b3c0164105c0dfc63ef04f06ac321a9f23e17577,2014-04-10T19:33:53Z,1,16
jonas/tig,185,328ecea246928661045cec741503df695b2dd81a,2013-09-04T23:23:29Z,2,86,a3f39c5f3e1e92a59bac05498e8622be1819f922,2014-03-09T04:30:23Z,1,2
jonas/tig,1,80e97cdd456dfe71d0dbf32d77a73bb5a2ab158e,2010-09-19T15:09:41Z,2,10,f7efb4dad86bc0317f18817d243c5d7b015cdbd6,2010-09-21T12:38:11Z,2,3
OpenVPN/openvpn,0,5f6c01ea6172ed,2015-05-31T20:41:58Z,1,5,8ceb9619a26f8c507bafbc6d59aed3f65a30455d,2015-06-01T17:15:14Z,1,2
OpenVPN/openvpn,3,db950be85d37,2015-05-20T02:33:20Z,4,99,970c4bd2e473f625699bd56db44c1970a9e10ed9,2015-05-23T17:35:05Z,1,24
rsyslog/rsyslog,57,9ac56b286,2024-09-15T13:24:28Z,1,12,9bc4c49d0705db2656a56fe14a5a2cfe3f6c9ac2,2024-11-12T09:54:00Z,1,1
rsyslog/rsyslog,50,2d15cbc8221e385c5aa821e4a851d7498ed81850,2018-09-20T08:39:47Z,3,89,9e520b07a554c30b63e76e87f7cee63050ccc1a4,2018-11-09T14:04:28Z,1,2
limine-bootloader/limine,0,25e1194,2021-09-01T21:34:31Z,1,5,411d735e919d59432b017a3f9568cbd7280ae329,2021-09-02T15:34:59Z,1,28
limine-bootloader/limine,0,25e1194,2021-09-01T21:34:31Z,1,5,62198ba1b04a5d3c5a64943cfe481e6bffd11f4d,2021-09-02T09:53:43Z,1,28
chocolate-doom/chocolate-doom,163,b0585fa6,2015-12-25T12:33:59Z,1,2,0cd3b7e5f8634468676b3b6ff1a525837bf3de2d,2016-06-05T15:45:26Z,1,2
openzfs/zfs,15,f63811f0721,2023-05-25T16:48:43Z,2,435,55b1842f92a24fe7192d129bca7b60882080d31a,2023-06-09T17:08:05Z,1,21
openzfs/zfs,1918,1ce23dcaff6c3d777cb0d9a4a2cf02b43f777d78,2017-12-05T17:39:16Z,15,1965,7d638df09be7482935bcf6ec8e4ea2ac8a8be1a8,2023-03-08T00:12:28Z,1,8
openzfs/zfs,1,c14ca14,2020-04-28T17:55:18Z,3,554,d7d4678fe65689af7f6335c7f84a190139bcbcdf,2020-04-30T00:33:33Z,1,2
openzfs/zfs,102,87c25d567,2019-03-01T01:52:55Z,2,46,5662fd57941d020e23160b271dc27f254fb5a3c6,2019-06-11T16:02:31Z,4,158
openzfs/zfs,70,64c688d,2016-10-05T21:47:29Z,1,33,7bb1325f95d0c11a2145ff99ae15057adfbae0ac,2016-12-14T22:18:53Z,1,38
openzfs/zfs,4,3dfb57a,2016-10-14T00:59:18Z,18,1281,6d00b5e13699c946a3f78c73defe5ff1e18264a3,2016-10-18T17:44:44Z,1,4
openzfs/zfs,378,b39c22b,2015-06-25T19:42:51Z,1,10,e6603b7c1fc7ac01f8891b11df34d943812153e9,2016-07-08T15:33:01Z,5,88
openzfs/zfs,10,1715493,2016-01-01T13:15:31Z,3,9,b858767a31bc80cc9a65d1e7af70213916bfa34a,2016-01-11T21:33:28Z,1,2
openzfs/zfs,17,fcff0f3,2015-12-22T01:31:57Z,40,1807,e9e3d31d2c141af15518ce6578ef26480fe97878,2016-01-09T00:21:56Z,1,2
openzfs/zfs,316,ac72fac3eaa569902cad88053167f7d74e7fe7e4,2013-08-29T18:56:49Z,4,125,1be627f5c28a355bcd49e4e097114c13fae7731b,2014-07-11T20:03:29Z,1,4
openwall/john,0,00655ad63,2017-11-09T06:25:25Z,1,19,790d23b24b78b07c26c299ac7adbc100a108d9ef,2017-11-09T07:14:22Z,1,5
openwall/john,3,be39643,2016-09-29T19:17:21Z,1,2,cb9a35eb023a9ed208fc1b87dc9c78132fb17653,2016-10-03T17:26:03Z,1,2
openwall/john,2,0a026d5,2016-01-12T15:46:01Z,1,83,6d2afb2a9a2734585983c8ecee0796e444da50b0,2016-01-15T00:20:43Z,1,8
openwall/john,16,f6af7d7,2015-03-11T16:47:26Z,1,9,c0e334a1f4ac3230a55bf3c471fc4c821994eaa6,2015-03-27T20:13:55Z,1,9
openwall/john,0,6c1b599,2014-11-21T22:33:22Z,8,45,f02231c42abec510fd9c0914792b940b3075a056,2014-11-21T22:52:39Z,1,2
openwall/john,0,f5366a2,2014-11-21T15:09:03Z,10,69,2603301665a16e029225d79b75b4f56b63a48685,2014-11-21T15:59:08Z,1,2
openwall/john,902,11e5191,2012-02-01T22:52:56Z,1,29,15949eb054300264b3d2f5de242fc1ca84b65ae7,2014-07-23T12:12:12Z,1,4
libgit2/libgit2,43,20a2b02d9a1bcb4825ec49605146223c565dcacf,2018-04-18T17:23:40Z,1,24,05e891f1f1bad3e2729a2e3800b314d5b63d43eb,2018-06-01T06:44:30Z,1,8
jemalloc/jemalloc,665,8a03cf039cd06f9fa6972711195055d865673966,2015-05-04T16:58:36Z,10,352,7c124830a1f542b5b8d386aa33fab5aa320eb975,2017-02-27T18:56:23Z,2,28
jemalloc/jemalloc,106,b9408d77a63a54fd331f9b81c884f68e6d57f2e5,2016-11-12T05:58:05Z,1,5,1e2c9ef8d6778669657a057979f2a7049012e879,2017-02-26T20:58:15Z,6,152
jemalloc/jemalloc,114,b599b32280e1142856b0b96293a71e1684b1ccfb,2016-11-01T22:28:54Z,2,1274,61d26425e53d74f31e9f2ef3a423bf730f832f68,2017-02-24T18:40:23Z,1,19
jemalloc/jemalloc,133,e2bcf037d445a84a71c7997670819ebd0a893b4a,2016-10-13T19:18:38Z,11,273,adae7cfc4a2ac66c96b0dcc83b3837ac668fc44e,2017-02-24T17:45:33Z,1,45
jemalloc/jemalloc,731,1cb181ed632e7573fb4eab194e4d216867222d27,2015-01-29T23:30:47Z,16,1077,3ecc3c84862ef3e66b20be8213b0301c06c692cc,2017-01-30T05:32:39Z,6,148
jemalloc/jemalloc,116,8f61fdedb908c29905103b22dda32ceb29cd8ede,2016-10-28T04:31:25Z,27,759,fdba5ad5cc67cac8bfc247b407df1fc43e6551f9,2017-02-21T21:15:55Z,23,0
jemalloc/jemalloc,119,577d4572b0821a15e5370f9bf566d884b7cf707c,2016-10-13T19:18:38Z,11,278,cd2501efd621b76f799d9f264385b348c6e6678d,2017-02-09T21:00:59Z,1,48
jemalloc/jemalloc,7,d27f29b468ae3e9d2b1da4a9880351d76e5a1662,2017-01-30T05:57:14Z,19,1412,5177995530557521d330486a3971469e1573d6fc,2017-02-06T07:59:53Z,1,51
jemalloc/jemalloc,5,d27f29b468ae3e9d2b1da4a9880351d76e5a1662,2017-01-30T05:57:14Z,19,1412,6737d5f61ee2fa5073bf20a8387e8c261e2a29f8,2017-02-04T08:43:32Z,1,23
jemalloc/jemalloc,731,1cb181ed632e7573fb4eab194e4d216867222d27,2015-01-29T23:30:47Z,16,1077,1b6e43507ed330314fffe0872f48a95a9fe502fe,2017-01-30T05:32:39Z,6,130
jemalloc/jemalloc,52,0ba5b9b6189e16a983d8922d8c5cb6ab421906e8,2016-11-01T05:30:49Z,2,1073,eab3b180e59d6b23fee5fd2165f96402e7341cba,2016-12-23T19:15:44Z,1,21
jemalloc/jemalloc,16,e98a620c59ac20b13e2de796164cc67f050ed2bf,2016-11-17T21:36:17Z,9,115,34a7e37a71f95c957b70f88c2039eead6a33e83e,2016-12-04T00:06:19Z,1,2
jemalloc/jemalloc,557,8a03cf039cd06f9fa6972711195055d865673966,2015-05-04T16:58:36Z,10,352,2cdf07aba971d1e21edc203e7d4073b6ce8e72b9,2016-11-12T05:14:29Z,1,24
jemalloc/jemalloc,0,0ba5b9b6189e16a983d8922d8c5cb6ab421906e8,2016-11-01T05:30:49Z,2,1073,7b0a8b74f048c397ff2276c9d2f5311fce70bd89,2016-11-01T22:26:35Z,1,21
jemalloc/jemalloc,143,c2f970c32b527660a33fa513a76d913c812dcf7c,2016-05-06T00:45:02Z,7,144,79647fe4650ddd5325ce2cedf0fced772eed3f71,2016-09-26T22:55:40Z,1,1
jemalloc/jemalloc,143,c2f970c32b527660a33fa513a76d913c812dcf7c,2016-05-06T00:45:02Z,7,144,3c8c3e9e9b59b6e34a222816a05f0a01a68919b3,2016-09-26T22:55:40Z,1,1
jemalloc/jemalloc,181,d412624b25eed2b5c52b7d94a71070d3aab03cb4,2015-12-09T17:00:57Z,1,36,c7d52980275b22f64c672ebaede28dc95d4f1820,2016-06-07T21:30:39Z,1,6
jemalloc/jemalloc,32,3ef51d7f733ac6432e80fa902a779ab5b98d74f6,2016-05-06T19:16:00Z,6,380,9de0094e6e085f186afd608ad874402a589ed576,2016-06-07T21:27:24Z,1,2
jemalloc/jemalloc,67,0c516a00c4cb28cff55ce0995f756b5aae074c9e,2016-02-25T23:29:49Z,14,336,44d12d435aba23c4a99af1dddf20e1777690b348,2016-05-03T16:37:54Z,1,31
jemalloc/jemalloc,67,0c516a00c4cb28cff55ce0995f756b5aae074c9e,2016-02-25T23:29:49Z,14,336,9aa1543e9c1cdd8373985e16e4610fd84caafd85,2016-05-03T16:37:54Z,1,29
jemalloc/jemalloc,773,aa5113b1fdafd1129c22512837c6c3d66c295fc8,2014-01-15T00:23:03Z,2,845,3763d3b5f92d855596e111a339c1fa9583c4602a,2016-02-27T01:29:35Z,1,26
jemalloc/jemalloc,0,0c516a00c4cb28cff55ce0995f756b5aae074c9e,2016-02-25T23:29:49Z,14,336,9d2c10f2e83e9a357630bebd220e02a2ef95d6fa,2016-02-26T00:42:15Z,1,57
jemalloc/jemalloc,0,0c516a00c4cb28cff55ce0995f756b5aae074c9e,2016-02-25T23:29:49Z,14,336,e3195fa4a54344cf707d30e510e91ed43f5a8b84,2016-02-26T00:40:24Z,3,20
jemalloc/jemalloc,294,8a03cf039cd06f9fa6972711195055d865673966,2015-05-04T16:58:36Z,10,352,08551eee586eefa8c98f33b97679f259af50afab,2016-02-22T23:01:37Z,1,2
jemalloc/jemalloc,460,8bb3198f72fc7587dc93527f9f19fb5be52fa553,2014-10-08T06:14:57Z,13,1087,9cb481a73f6d2b518f695a669c1f850e477fdd2c,2016-01-11T19:05:00Z,1,21
jemalloc/jemalloc,143,8a03cf039cd06f9fa6972711195055d865673966,2015-05-04T16:58:36Z,10,352,d260f442ce693de4351229027b37b3293fcbfd7d,2015-09-24T23:38:45Z,4,163
jemalloc/jemalloc,12,594c759f37c301d0245dc2accf4d4aaf9d202819,2015-09-02T21:52:24Z,4,84,708ed79834fc3b8e5b14dbb0128a0ebfce63a38f,2015-09-15T06:48:11Z,6,68
jemalloc/jemalloc,94,8a03cf039cd06f9fa6972711195055d865673966,2015-05-04T16:58:36Z,10,352,5716d97f7575708453ca477651eff6f1ac653dd1,2015-08-07T06:34:12Z,1,11
jemalloc/jemalloc,7,8d6a3e8321a7767cb2ca0930b85d5d488a8cc659,2015-03-19T01:55:33Z,13,553,65db63cf3f0c5dd5126a1b3786756486eaf931ba,2015-03-26T01:56:55Z,2,38
jemalloc/jemalloc,1,8d6a3e8321a7767cb2ca0930b85d5d488a8cc659,2015-03-19T01:55:33Z,13,553,7e336e7359ec50f06ec73f29033c7807148bf476,2015-03-21T01:08:10Z,1,148
jemalloc/jemalloc,209,602c8e0971160e4b85b08b16cf8a2375aa24bc04,2014-08-18T23:22:13Z,11,1923,04211e226628c41da4b3804ba411b5dd4b3a02ab,2015-03-16T22:11:06Z,2,44
jemalloc/jemalloc,207,602c8e0971160e4b85b08b16cf8a2375aa24bc04,2014-08-18T23:22:13Z,11,1923,764b00023f2bc97f240c3a758ed23ce9c0ad8526,2015-03-14T21:01:35Z,2,45
jemalloc/jemalloc,206,602c8e0971160e4b85b08b16cf8a2375aa24bc04,2014-08-18T23:22:13Z,11,1923,d69964bd2d31387f79a5f0494de8fd255b693afb,2015-03-12T23:25:18Z,1,9
jemalloc/jemalloc,0,339c2b23b2d61993ac768afcc72af135662c6771,2015-02-18T06:25:56Z,3,22,738e089a2e707dbfc70286f7deeebc68e03d2347,2015-02-18T09:15:50Z,7,177
jemalloc/jemalloc,0,8bb3198f72fc7587dc93527f9f19fb5be52fa553,2014-10-08T06:14:57Z,13,1087,3a8b9b1fd95b1bb9b3dc00f6798eeb40d5100b7b,2014-10-08T07:54:16Z,1,27
jemalloc/jemalloc,1297,9c43c13a35220c10d97a886616899189daceb359,2011-03-18T17:53:15Z,1,3,f11a6776c78a09059f8418b718c996a065b33fca,2014-10-05T20:05:10Z,1,13
jemalloc/jemalloc,24,602c8e0971160e4b85b08b16cf8a2375aa24bc04,2014-08-18T23:22:13Z,11,1923,9d8f3d203327a7ee9ba92814e1fd8a7d1b9c421b,2014-09-12T01:06:30Z,1,23
jemalloc/jemalloc,1,6e73dc194ee9682d3eacaf725a989f04629718f7,2014-09-10T02:37:26Z,4,182,c3e9e7b0412e97e4976507f914fd39901b023537,2014-09-12T00:04:03Z,1,6
jemalloc/jemalloc,22,602c8e0971160e4b85b08b16cf8a2375aa24bc04,2014-08-18T23:22:13Z,11,1923,6e73dc194ee9682d3eacaf725a989f04629718f7,2014-09-10T02:37:26Z,4,182
jemalloc/jemalloc,21,602c8e0971160e4b85b08b16cf8a2375aa24bc04,2014-08-18T23:22:13Z,11,1923,6fd53da030b5e9161a49d6010a8b38499ca2a124,2014-09-09T19:45:53Z,2,56
jemalloc/jemalloc,204,aa5113b1fdafd1129c22512837c6c3d66c295fc8,2014-01-15T00:23:03Z,2,845,1522937e9cbcfa24c881dc439cc454f9a34a7e88,2014-08-07T06:38:39Z,1,6
i3/i3,0,7154fecbb,2011-03-06T14:45:42Z,4,39,8ce5f2a21bfc2194a0cca1da223778bcb29872af,2011-03-06T21:02:02Z,1,6
betaflight/betaflight,100,87c8847c13d7f759548c2384e400d2bc387b159a,2021-04-20T18:45:56Z,136,6038,dd3f2a14489828c5bdec4c9a8616343d24955445,2021-07-30T12:40:38Z,1,4
betaflight/betaflight,8,c06fd78b834582349e1aaed07f582ae0c9fd3462,2014-10-28T15:49:02Z,1,2,db36cfe12e70171c8d986b8587e2183dad0dc156,2014-11-05T19:39:13Z,6,28
htop-dev/htop,1,74b28849c4ee7234aa6018667ff6c8c9a6b41273,2023-10-10T12:17:48Z,1,17,4ef3e1f1bb014cec9504e5247d0a0ad999597b9d,2023-10-11T16:46:48Z,1,21
fontforge/fontforge,84,36554a668c7cf3445a5e9eae0cffb675d20395e4,2016-04-29T21:13:44Z,9,31,a18865e9a215639ce1e7e229387dac87c87c5002,2016-07-23T19:50:42Z,7,33
fontforge/fontforge,479,3cb817b81abedf1b37b958b6a1d32f9079a7147b,2014-02-07T22:13:40Z,97,3065,11e82177a24eb8487311e06a5cb125fa9772c893,2015-06-02T13:54:05Z,2,5
fontforge/fontforge,1,82322a4a4898aeb099b2a1f834bd111bf434ea3e,2014-07-22T17:19:07Z,15,167,4f19aa6bef1f34ef99f196de419ee464d8b5fa71,2014-07-23T22:01:17Z,7,124
fontforge/fontforge,132,3cb817b8,2014-02-07T22:13:40Z,97,3065,9c341c813964b6d96ee6504e14202fd0a140e329,2014-06-20T00:13:08Z,4,12
sparklemotion/nokogiri,126,2675a7527c,2011-08-10T22:13:10Z,4,161,3146e4dfe3dd105826ac993e017b930856010356,2011-12-15T06:42:57Z,2,47
Airblader/i3,0,7154fecbb,2011-03-06T14:45:42Z,4,39,8ce5f2a21bfc2194a0cca1da223778bcb29872af,2011-03-06T21:02:02Z,1,6
ponylang/ponyc,1,fee5e5c,2016-12-25T18:36:01Z,5,258,17be6cce969f16016bb76dcc2a3c0b2187c79d9c,2016-12-27T18:10:25Z,2,34
ravynsoft/ravynos,16,f63811f0721,2023-05-25T16:48:43Z,2,435,4e8d558c9d1cf3e7e424e3fb123b01979c3d57f2,2023-06-10T17:31:17Z,97,2907
ravynsoft/ravynos,15,f63811f0721,2023-05-25T16:48:43Z,2,435,55b1842f92a24fe7192d129bca7b60882080d31a,2023-06-09T17:08:05Z,1,21
ravynsoft/ravynos,72,e582d4a2b09e,2023-02-10T14:26:53Z,1,96,7623cc8f65ab1b28690d4a6580ae87b7926ed008,2023-04-23T17:30:44Z,1,9
ravynsoft/ravynos,1918,1ce23dcaff6c3d777cb0d9a4a2cf02b43f777d78,2017-12-05T17:39:16Z,15,1965,7d638df09be7482935bcf6ec8e4ea2ac8a8be1a8,2023-03-08T00:12:28Z,1,8
ravynsoft/ravynos,24,555a861d6826,2022-10-08T00:08:14Z,1,73,8b19898a78d52b351f4d7a6ad1d8b074d037e3b7,2022-11-01T17:44:39Z,1,19
ravynsoft/ravynos,17,56070dd2e4d,2022-03-04T03:03:09Z,1,130,fd6ca665d206b74970e7c01d06ae06fed71500fc,2022-03-21T23:43:39Z,1,4
ravynsoft/ravynos,24,79a100e28e3c814773bb4c1826cfa25fbe31140e,2021-09-05T18:41:16Z,12,1522,4fa690be2cfcda81eb6d1f61025d0baff6fcc19f,2021-09-30T03:10:56Z,1,1
ravynsoft/ravynos,147,26c29e743bbdbb82762540f72d4bc449bae2e092,2020-11-02T15:01:37Z,1,15,88024c4a520bf762cf4154d730ad9784ed2acd90,2021-03-30T09:42:50Z,1,15
ravynsoft/ravynos,2,e0a0a3ef,2021-01-30T06:11:24Z,2,58,d6f9c5a6d2f87865f9714d2b8dfd1a9f3080c71e,2021-02-01T07:56:22Z,1,18
ravynsoft/ravynos,2,e0a0a3ef,2021-01-30T06:11:24Z,2,58,10625515ad47b52f38c13f4f1d8f8c848e9df4ee,2021-02-01T07:56:22Z,3,76
ravynsoft/ravynos,1,c14ca14,2020-04-28T17:55:18Z,3,554,d7d4678fe65689af7f6335c7f84a190139bcbcdf,2020-04-30T00:33:33Z,1,2
ravynsoft/ravynos,102,87c25d567,2019-03-01T01:52:55Z,2,46,5662fd57941d020e23160b271dc27f254fb5a3c6,2019-06-11T16:02:31Z,4,158
ravynsoft/ravynos,70,64c688d,2016-10-05T21:47:29Z,1,33,7bb1325f95d0c11a2145ff99ae15057adfbae0ac,2016-12-14T22:18:53Z,1,38
ravynsoft/ravynos,4,3dfb57a,2016-10-14T00:59:18Z,18,1281,6d00b5e13699c946a3f78c73defe5ff1e18264a3,2016-10-18T17:44:44Z,1,4
ravynsoft/ravynos,378,b39c22b,2015-06-25T19:42:51Z,1,10,e6603b7c1fc7ac01f8891b11df34d943812153e9,2016-07-08T15:33:01Z,5,88
ravynsoft/ravynos,10,1715493,2016-01-01T13:15:31Z,3,9,b858767a31bc80cc9a65d1e7af70213916bfa34a,2016-01-11T21:33:28Z,1,2
ravynsoft/ravynos,17,fcff0f3,2015-12-22T01:31:57Z,40,1807,e9e3d31d2c141af15518ce6578ef26480fe97878,2016-01-09T00:21:56Z,1,2
ravynsoft/ravynos,316,ac72fac3eaa569902cad88053167f7d74e7fe7e4,2013-08-29T18:56:49Z,4,125,1be627f5c28a355bcd49e4e097114c13fae7731b,2014-07-11T20:03:29Z,1,4
LumaTeam/Luma3DS,14,7074ac1,2022-12-25T17:27:32Z,23,1261,635235c86cd902e95caa0bc3cdbd29044897f446,2023-01-09T14:22:37Z,1,14
mozilla/mozjpeg,111,7bb958b732e6b4f261595e2d1527d46964fe3aed,2024-03-04T17:12:03Z,3,131,51d021bf0168ee2d6ad79f70248a88b7f57156d0,2024-06-24T16:17:22Z,8,78
mozilla/mozjpeg,488,e8b40f3c2ba187ba95c13c3e8ce21c8534256df7,2022-11-02T02:45:39Z,114,7974,7bb958b732e6b4f261595e2d1527d46964fe3aed,2024-03-04T17:12:03Z,3,131
mozilla/mozjpeg,107,300a344d653d4a8779706e42828d945c6a53ff9d,2023-07-30T15:02:29Z,1,3,837e471a90e79b37cb4f7ef9950321f48c7c5f41,2023-11-14T16:17:25Z,2,38
mozilla/mozjpeg,206,fc01f4673b71c0b833c59c21e8c4478a9c4bcf21,2023-01-05T12:36:46Z,132,48047,300a344d653d4a8779706e42828d945c6a53ff9d,2023-07-30T15:02:29Z,1,3
mozilla/mozjpeg,0,d7790789a6c3f0867175d781948e9d10fc55520d,2023-01-27T18:49:45Z,1,130,427c304595f6d49f5d94d7fdf8bed594705d1b70,2023-01-27T20:31:48Z,1,2
mozilla/mozjpeg,22,fc01f4673b71c0b833c59c21e8c4478a9c4bcf21,2023-01-05T12:36:46Z,132,48047,d0015876ec798dbf03df23d98b72161704c7c57a,2023-01-27T19:08:04Z,1,33
mozilla/mozjpeg,672,9120a247436e84c0b4eea828cb11e8f665fcde30,2020-07-24T02:24:38Z,6,187,a405519e961aeee3096f7bff45be6330dfa054b8,2022-05-27T16:59:56Z,1,8
mozilla/mozjpeg,297,479501b07c0afd8912a0e0f5b4740cfce9a89a4c,2019-01-21T19:57:55Z,2,23,c0b16e3d2b35b5b5d805832fcfa615300c6e345b,2019-11-15T19:29:11Z,2,10
mozilla/mozjpeg,1,2a9e3bd7430cfda1bc812d139e0609c6aca0b884,2019-07-11T20:30:04Z,5,144,b25adabcfab4470e0ee4758e8b0bd580dbf9519a,2019-07-12T22:27:37Z,1,4
mozilla/mozjpeg,545,a09ba29a55b9a43d346421210d94370065eeaf53,2016-09-07T21:40:10Z,2,24,c743009717878cb22a5434c798dae5d3879d6ca2,2018-03-06T22:10:14Z,2,5
mozilla/mozjpeg,11,dfefba77520ded5c5fd4864e76352a5f3eb23e74,2016-09-22T19:19:29Z,2,10,a0047bdea4d11dfeefb9ea797865b1a2ea0a665e,2016-10-04T18:25:34Z,1,2
mozilla/mozjpeg,14,a09ba29a55b9a43d346421210d94370065eeaf53,2016-09-07T21:40:10Z,2,24,dfefba77520ded5c5fd4864e76352a5f3eb23e74,2016-09-22T19:19:29Z,2,10
libusb/libusb,209,6cae9c6,2021-07-20T15:31:06Z,21,1043,7cc06ea5c7c3b36801421a6be17b51b92c1bc05a,2022-02-15T10:13:41Z,3,33
axboe/fio,14,8c43ba62,2017-08-21T21:15:00Z,1,9,323876fbe897cf5748d94826380d7d907ebbee17,2017-09-05T14:43:28Z,1,25
axboe/fio,10,8c43ba62,2017-08-21T21:15:00Z,1,9,d33db728d79386d544be93c24f4e3383f2a47143,2017-09-01T12:24:23Z,1,9
nginx/unit,169,a0327445,2022-09-16T13:38:53Z,5,149,78e1122a3c94a150219b4b6e1e594ae5bfdd8d68,2023-03-04T23:52:51Z,1,1
haproxy/haproxy,164,64c9c8e,2023-12-11T16:31:31Z,2,31,c16eba8183a0f362cd7d72beba3080ecf5449c87,2024-05-24T11:55:41Z,2,17
haproxy/haproxy,81,2462e5bcc,2024-02-22T14:14:21Z,2,21,9d4a44e7137fba2c7ca2823174ba1168290a1c3b,2024-05-13T14:24:10Z,1,1
haproxy/haproxy,64,9f7cfb0a56352188854bdaef9617ca836c2a30c9,2023-08-07T15:45:23Z,3,261,63a6f26a861b8cd3430d964317db1276544024c0,2023-10-11T14:04:35Z,1,1
haproxy/haproxy,85,f3eedfe19592ebcbaa5b97d8c68aa162e7f6f8fa,2021-01-25T16:19:44Z,4,163,43899ec83dea8e10c21e6a907eb76391c463cc2f,2021-04-21T13:32:46Z,1,5
haproxy/haproxy,699,c55015e,2018-09-07T17:02:32Z,2,32,efc5a9d55ba46a934f1474802b90c679461ebc92,2020-08-07T12:48:37Z,1,2
haproxy/haproxy,424,13a9232ebc63fdf357ffcf4fa7a1a5e77a1eac2b,2019-06-07T07:40:55Z,4,230,87138c3524bc4242dc48cfacba82d34504958e78,2020-08-04T08:57:21Z,2,9
haproxy/haproxy,201,150bfa8,2019-09-19T15:12:49Z,5,186,24be710609fe24781b489339273beec29114a3b8,2020-04-08T13:16:51Z,1,2
haproxy/haproxy,256,13a9232ebc63fdf357ffcf4fa7a1a5e77a1eac2b,2019-06-07T07:40:55Z,4,230,17ab79f07db305c5f086f4e8fab1e3a6d38bb620,2020-02-18T23:53:26Z,1,2
haproxy/haproxy,24,85888573,2020-02-27T13:48:35Z,1,5,f4f14eacd37e9de47bf9ecfbbd04a68baf6617ee,2020-03-23T09:31:47Z,1,45
haproxy/haproxy,8,b90d2cb,2020-02-18T14:27:32Z,1,25,858885737c1d2672d5b1ba80a58c0bb585a0b981,2020-02-27T13:48:35Z,1,5
haproxy/haproxy,0,4c5adbf,2020-02-24T13:23:22Z,2,133,3f25ae31bdc0e7a178e75e2cd08e8deb6bfe101e,2020-02-24T15:30:12Z,2,16
haproxy/haproxy,5,44b3532,2019-10-17T14:28:40Z,1,53,541a534c9f64c505380b936ff15ce91a8179dfa0,2019-10-23T12:11:54Z,1,4
haproxy/haproxy,98,1b8e68e,2019-03-14T06:07:41Z,14,442,9417f4534ad742eda35c4cc3d1ccb390f75ea4b1,2019-06-20T07:31:04Z,1,12
haproxy/haproxy,19,355b203,2019-01-11T13:06:12Z,4,294,04636b7baca1bd03191c30bc173c19fede73c048,2019-01-31T05:48:16Z,1,5
haproxy/haproxy,31,0b3e849,2018-10-26T12:47:44Z,1,6,d913800a7d680fdd7e7864463d5fa936b9d58fa8,2018-11-27T11:02:39Z,1,10
haproxy/haproxy,64,4f45bb9,2017-10-30T19:08:51Z,6,639,99b90af6213809a018e89988d7139f7048e97208,2018-01-03T18:15:51Z,1,6
haproxy/haproxy,28,4f45bb9,2017-10-30T19:08:51Z,6,639,c3cd35f96cbb6739dace9906448c5a68f554d96e,2017-11-28T10:04:43Z,1,36
mruby/mruby,181,375d22b,2022-12-06T06:26:24Z,1,13,b47c8b738ae3e400ec02269fae9857222218e9d5,2023-06-05T22:29:41Z,1,14
cjdelisle/cjdns,0,3d67b01ed4520436213818b1a50d1f7271a07b91,2013-12-22T11:13:27Z,4,406,6e7b032a167850bb1d0226ef96b3f688e6e16dac,2013-12-22T17:12:19Z,1,74
tianocore/edk2,6,7a0df26,2019-07-10T11:40:05Z,3,64,04dd0cb972cd35f4bf59f5692096a65b840156d5,2019-07-17T03:19:48Z,1,6
tianocore/edk2,23,684db6da64bc7b5faee4e1174e801c245f563b5c,2018-10-16T02:06:12Z,1,16,ade71c52a49d659b20c0b433fb11ddb4f4f543c4,2018-11-08T23:58:16Z,1,6
tianocore/edk2,23,2ec7953d49677142c5f7552e9e3d96fb406ba0c4,2018-10-16T02:06:11Z,1,17,1c4cecc9fd314de0dce8125b0d4b45967637a401,2018-11-08T23:58:15Z,1,6
tianocore/edk2,23,041d89bc0f0119df37a5fce1d0f16495ff905089,2018-10-16T02:06:13Z,2,49,5e45a1fdcfbf9b2b389122eb97475148594625f8,2018-11-08T23:58:14Z,2,12
tianocore/edk2,5,bb685071c2602cf786ea84c69bbebf2158194a38,2018-10-24T03:28:32Z,1,87,61a62fc2587ae4d01718124f28e1ea0e60375902,2018-10-29T08:20:44Z,1,2
tianocore/edk2,5,0c9f2cb10b7ddec56a3440e77219fd3ab1725e5c,2018-04-02T22:40:24Z,1,25,e037e88cd81d4ac63dd627719c87c305bf0b439e,2018-04-08T01:27:35Z,1,6
tianocore/edk2,8,5919a9600e07,2016-09-14T08:54:50Z,3,115,fe882c01122e7e01e0e78ca8da64630faf9a7b5a,2016-09-23T02:04:05Z,1,10
tianocore/edk2,12,0a28d02d9fb5293757c507e592a4d0404a7ecf74,2016-06-30T01:57:23Z,2,8,c882bdc6712314f255c92d7c951eaf9760a9de38,2016-07-12T01:58:46Z,1,2
tianocore/edk2,7,cd64301398876d0b3700f882b3eea12657510a70,2016-06-08T07:35:16Z,5,57,0c687d02c76592832de73850e1dc81115311318a,2016-06-16T06:11:49Z,1,4
tianocore/edk2,56,196ccda08fc4,2016-03-07T03:23:08Z,4,135,d0a23f9f86dc39065429dc954adbc56b099b801e,2016-05-02T08:45:33Z,1,4
gluster/glusterfs,4,90cefde,2021-02-24T15:44:55Z,1,254,45877363ce5dbb9b86138b4f6548a6b8ff747251,2021-03-01T04:19:39Z,1,4
gluster/glusterfs,1,70e6ee2,2021-02-24T14:04:23Z,3,124,759ec2877c5d044af0f2739cd543fbbbb0c26c00,2021-02-26T06:47:02Z,2,42
gluster/glusterfs,65,2ca6441,2015-05-19T11:54:45Z,1,6,63ad603542044e473118d33bcc02f121c86beaa7,2015-07-23T12:41:23Z,1,15
RfidResearchGroup/proxmark3,0,8543db11b59f34ca120a1e6eea7f5b43adee8dac,2023-07-19T19:46:20Z,1,15,89cbe3c7df34f7a98828c56d2f6d1dea2a1d5d07,2023-07-20T08:54:37Z,1,3
libjpeg-turbo/libjpeg-turbo,111,7bb958b732e6b4f261595e2d1527d46964fe3aed,2024-03-04T17:12:03Z,3,131,51d021bf0168ee2d6ad79f70248a88b7f57156d0,2024-06-24T16:17:22Z,8,78
libjpeg-turbo/libjpeg-turbo,488,e8b40f3c2ba187ba95c13c3e8ce21c8534256df7,2022-11-02T02:45:39Z,114,7974,7bb958b732e6b4f261595e2d1527d46964fe3aed,2024-03-04T17:12:03Z,3,131
libjpeg-turbo/libjpeg-turbo,107,300a344d653d4a8779706e42828d945c6a53ff9d,2023-07-30T15:02:29Z,1,3,837e471a90e79b37cb4f7ef9950321f48c7c5f41,2023-11-14T16:17:25Z,2,38
libjpeg-turbo/libjpeg-turbo,206,fc01f4673b71c0b833c59c21e8c4478a9c4bcf21,2023-01-05T12:36:46Z,132,48047,300a344d653d4a8779706e42828d945c6a53ff9d,2023-07-30T15:02:29Z,1,3
libjpeg-turbo/libjpeg-turbo,0,d7790789a6c3f0867175d781948e9d10fc55520d,2023-01-27T18:49:45Z,1,130,427c304595f6d49f5d94d7fdf8bed594705d1b70,2023-01-27T20:31:48Z,1,2
libjpeg-turbo/libjpeg-turbo,22,fc01f4673b71c0b833c59c21e8c4478a9c4bcf21,2023-01-05T12:36:46Z,132,48047,d0015876ec798dbf03df23d98b72161704c7c57a,2023-01-27T19:08:04Z,1,33
libjpeg-turbo/libjpeg-turbo,672,9120a247436e84c0b4eea828cb11e8f665fcde30,2020-07-24T02:24:38Z,6,187,a405519e961aeee3096f7bff45be6330dfa054b8,2022-05-27T16:59:56Z,1,8
libjpeg-turbo/libjpeg-turbo,297,479501b07c0afd8912a0e0f5b4740cfce9a89a4c,2019-01-21T19:57:55Z,2,23,c0b16e3d2b35b5b5d805832fcfa615300c6e345b,2019-11-15T19:29:11Z,2,10
libjpeg-turbo/libjpeg-turbo,1,2a9e3bd7430cfda1bc812d139e0609c6aca0b884,2019-07-11T20:30:04Z,5,144,b25adabcfab4470e0ee4758e8b0bd580dbf9519a,2019-07-12T22:27:37Z,1,4
libjpeg-turbo/libjpeg-turbo,545,a09ba29a55b9a43d346421210d94370065eeaf53,2016-09-07T21:40:10Z,2,24,c743009717878cb22a5434c798dae5d3879d6ca2,2018-03-06T22:10:14Z,2,5
libjpeg-turbo/libjpeg-turbo,11,dfefba77520ded5c5fd4864e76352a5f3eb23e74,2016-09-22T19:19:29Z,2,10,a0047bdea4d11dfeefb9ea797865b1a2ea0a665e,2016-10-04T18:25:34Z,1,2
libjpeg-turbo/libjpeg-turbo,14,a09ba29a55b9a43d346421210d94370065eeaf53,2016-09-07T21:40:10Z,2,24,dfefba77520ded5c5fd4864e76352a5f3eb23e74,2016-09-22T19:19:29Z,2,10
varnishcache/varnish-cache,8,eabe58bc6633012dd01ba8f2a131f4e8cd351b2e,2021-05-25T10:39:38Z,6,72,3730f544db89ab487c0e0e775969edf9c12f63b6,2021-06-03T06:39:32Z,5,13
varnishcache/varnish-cache,2,c1352b0b0ece8028317c838751d9042a55347cd5,2021-01-08T15:17:52Z,2,35,05356fb7c6c10d3ddd9766f474da679046922422,2021-01-11T12:18:09Z,2,8
varnishcache/varnish-cache,158,340abd0456e4,2019-06-03T07:22:10Z,4,19,46a6a3af681644f43e2e813ee68f8bd53b4cd1bb,2019-11-08T18:10:48Z,2,18
openvswitch/ovs,4,cf3b7538666cd1ef,2014-04-02T22:44:21Z,16,291,65bfce4ae0603c8c3576acc5b3cd1ba5afff4c00,2014-04-07T16:43:04Z,2,53
openvswitch/ovs,6,10e576406c7444ef,2013-09-24T22:04:04Z,5,459,be58eabb281bafffc2eb60c2ee31446f312a2a83,2013-10-01T06:15:22Z,1,2
stephane/libmodbus,246,83c34102,2014-02-16T20:02:43Z,3,239,0c131f83302dd7ef41dee58a6a1d7a120f544a82,2014-10-21T06:31:59Z,1,5
HarbourMasters/Shipwright,2,73052617eda789f957040f98d9368d9cf453a123,2023-03-12T07:00:03Z,17,487,1b158015e66e4fbf095bd8ea2b6f8b4480a95790,2023-03-14T09:46:33Z,1,20
DPDK/dpdk,188,b10231aed1ed,2020-06-18T08:15:55Z,1,25,a91fb48a8c248293f1035cdd8b36ad712ae9478f,2020-12-23T14:15:49Z,1,2
unbit/uwsgi,34,00dce4265784903a3bf440834ab269fceaf5a14b,2018-03-29T16:07:06Z,1,10,a6b1680f119306fb5995d649b9ff17f46f28838a,2018-05-03T09:35:44Z,1,16
krakjoe/pthreads,0,edf81d3cc0f34c1fcb3f8f14435a9a122f6e482f,2017-11-02T09:18:23Z,1,8,4e296c542294ddc65bdb9c10ae6e1dd770a986e7,2017-11-02T17:12:46Z,1,2
iNavFlight/inav,8,c06fd78b834582349e1aaed07f582ae0c9fd3462,2014-10-28T15:49:02Z,1,2,db36cfe12e70171c8d986b8587e2183dad0dc156,2014-11-05T19:39:13Z,6,28
neomutt/neomutt,153,04892a48ea76b37f6aa9b369b5bc4f5cc362878c,2018-11-19T14:17:27Z,6,142,a6ba22b683249334c4c991b87dad2826c6429141,2019-04-21T14:50:00Z,1,2
libffi/libffi,5,b5fed601948237037513a9b7f967c8fc6c9ff1f6,2014-04-06T00:33:42Z,3,102,3e2b84d295531720917bf46afc532fc6d877e3ec,2014-04-11T23:04:04Z,1,2
collectd/collectd,120,3b9c7b2,2019-02-18T13:46:55Z,1,10,e8719df2ed7b9480ffcecc0b68993b74a0714b11,2019-06-19T08:32:11Z,6,15
collectd/collectd,120,3b9c7b2,2019-02-18T13:46:55Z,1,10,a07f44c9cd5828a84545dcfe22544bfed2ea8812,2019-06-19T08:32:11Z,6,15
containers/crun,6,7179d71afd608f5e85740b2b4b83f9b41fbe1b15,2020-06-13T13:56:10Z,1,55,9085e62fa2d540f1e5b2b08f8b08143a3c5df064,2020-06-19T18:06:40Z,3,24
containers/crun,1,fe15d5651a132288f1e894c60f75852beea217e2,2019-11-08T22:11:42Z,1,29,785675f88f9ee37b7faa9bec98c76caffda51afd,2019-11-09T22:45:57Z,1,7
containers/crun,22,d1f136875a205e2055215776e3d46f7b55065865,2019-07-27T20:11:07Z,1,51,53e4621a62faf6a0e561bbb878a847e11c1a947a,2019-08-19T12:29:15Z,1,2
checkpoint-restore/criu,634,01f8f8f4,2011-11-16T20:59:08Z,3,36,01f113ecd3c7d6ed510f4076d1eda76fd9d2e6be,2013-08-12T05:17:02Z,3,8
hexchat/hexchat,109,03767ee0f98,2016-07-24T22:08:09Z,5,17,e7c88e0f83f40f9d020aa7d2783e95dff55f323f,2016-11-11T05:44:07Z,1,17
NetHack/NetHack,5,f218e3f15e2d5525e817fb07e6a8b4773f296073,2019-05-18T09:25:48Z,5,57,ba5efe7f61598b731f7c8d0c28ecc43e2a978061,2019-05-24T08:33:45Z,2,20
xemu-project/xemu,2796,4987783400,2016-02-15T18:57:57Z,1,4,930e239d11e28a3e8c01bae6c38f8894cfe66eb3,2023-10-13T10:58:39Z,6,24
xemu-project/xemu,802,2f2b18f60bf1,2018-12-03T07:05:17Z,1,12,df72184ec15829053b3bb5a0d5801773b6d9ec25,2021-02-12T13:52:50Z,1,19
xemu-project/xemu,365,cd5ff8333a,2019-06-10T13:10:07Z,6,12,32a354dc6c07d766e70b51f42a62d8cd479e3f82,2020-06-09T13:56:35Z,8,60
xemu-project/xemu,372,e6df58a5,2019-05-08T21:18:18Z,1,3,0eaf453ebf6788885fbb5d40426b154ef8805407,2020-05-15T06:36:07Z,1,6
xemu-project/xemu,164,848a1cc1e,2018-03-11T03:02:13Z,1,56,dbb6da8ba7e02105bdbb33b527e088249c9843c8,2018-08-22T09:46:44Z,1,73
xemu-project/xemu,187,15fa08f845,2017-11-02T14:19:14Z,12,234,abebf92597186be2bc48d487235da28b1127860f,2018-05-08T19:18:59Z,2,11
xemu-project/xemu,133,d62644b4,2017-11-14T23:23:34Z,1,70,4ae4bf5bb16bd8e5b94433db9fe8265d30c53ba3,2018-03-28T16:36:25Z,1,34
xemu-project/xemu,298,42043e4,2017-01-27T12:24:58Z,3,75,6dd836f5d32b989e18c6dda655a26f4d73a52f6a,2017-11-21T20:16:43Z,1,4
xemu-project/xemu,26,6063d4c0,2017-09-13T16:04:55Z,2,16,b8e999673bd479eed7e71a5e8bc468bca4e31d7d,2017-10-09T19:50:59Z,5,111
xemu-project/xemu,417,aab9913,2016-05-12T03:48:21Z,2,13,82a93a1d307064f35c363f79b04b0a0149ac53d9,2017-07-03T10:20:53Z,2,26
xemu-project/xemu,6,9b6a3ea7a699594,2016-10-04T12:28:10Z,1,7,fb0e8e79a9d77ee240dbca036fa8698ce654e5d1,2016-10-10T15:26:03Z,2,36
xemu-project/xemu,171,595a4f07,2015-07-15T05:37:43Z,2,87,349a3b1cc9023f67f8fa336cb3c4a8f21a4aaaf3,2016-01-02T08:02:20Z,1,8
xemu-project/xemu,13,5d24ee70bcbcf578614193526bcd5ed30a8eb16c,2014-01-02T02:46:59Z,2,28,d32934c84c72f57e78d430c22974677b7bcabe5d,2014-01-15T03:37:09Z,1,8
xemu-project/xemu,13,39097daf15c42243742667607d2cad2c9dc4f764,2013-03-01T17:40:27Z,3,210,4f306496183d81aed4b43762cf3bfd6e054de767,2013-03-15T05:04:39Z,1,4
xemu-project/xemu,5,fb6d1bbd246c7a57ef53d3847ef225cd1349d602,2013-02-08T07:49:10Z,1,11,8a8f5840082eb65d140ccfe7b128c92390cce1c3,2013-02-13T08:25:34Z,1,4
xemu-project/xemu,320,b9d03e352cb6b31a66545763f6a1e20c9abf0c2c,2012-03-22T10:02:24Z,1,45,ddcb73b7782cb6104479503faea04cc224f982b5,2013-02-05T19:00:21Z,1,42
xemu-project/xemu,25,f90c2bcd,2012-07-04T04:39:27Z,25,130,5e59b024351f827f903f98ae522687ea53dc4f23,2012-07-29T14:03:19Z,33,585
xemu-project/xemu,224,80376c3fc2c38fdd45354e4b0eb45031f35587ed,2010-12-20T05:33:35Z,3,20,2da8bb92fb128e686dc9e055defbc5652f7c001d,2011-08-02T01:59:13Z,1,14
xemu-project/xemu,5,0bfcd599e3f5c5679cc7d0165a0a1822e2f60de2,2010-05-22T08:02:12Z,14,127,29f91781bd300b228d9c38b9f6c1e0b6a38f25fb,2010-05-27T12:26:05Z,1,2
xemu-project/xemu,22,703e0e89,2010-03-19T21:21:13Z,3,27,81bbe906c89b6b7af58a1eeb96ec5a0bfdc3386f,2010-04-11T19:07:35Z,3,41
xemu-project/xemu,286,869a5c6d,2009-01-22T19:52:25Z,2,172,49c3c8dca7b324d0aed590bb747be2179cc631cc,2009-11-05T12:08:59Z,1,2
tvheadend/tvheadend,0,86f3617c8972c5362e51cee7d34cc2d69d799126,2022-09-15T00:31:24Z,1,3,4741b3c1901d4c998b1c5ef7c777728b4827e828,2022-09-15T10:49:46Z,1,2
gpac/gpac,42,fc3dda25,2024-09-23T08:58:01Z,4,35,c5f08cda6a17dd484721a7e1b20d4c5e10b63d46,2024-11-04T16:45:25Z,6,51
gpac/gpac,157,c08973cc,2023-11-10T12:27:46Z,2,16,05ebaaf712cfe11a77b3290143426cbce441e4ee,2024-04-15T17:12:52Z,2,8
gpac/gpac,9,ed4c942f,2023-04-19T16:29:11Z,1,4,ff0259744b7c37541949d562ca085a14fb5974ec,2023-04-28T17:20:28Z,4,25
gpac/gpac,3,f8ce5083,2023-04-21T11:11:06Z,2,18,2a9436ba354964936b6ebc953afa5f6117c4e267,2023-04-25T07:11:43Z,2,4
gpac/gpac,0,621f1cab,2022-09-28T15:41:53Z,5,25,b23408b107fdec60425364464352d56bfdf53366,2022-09-29T11:28:15Z,1,2
gpac/gpac,4,c68d8a53,2022-09-22T14:15:48Z,19,481,9400cfb05645fadf8297e988a218647d71050af3,2022-09-27T09:37:09Z,1,3
gpac/gpac,0,94cf5b14,2022-01-21T11:01:15Z,2,11,b22e3409c6741e75373952396c642ed046bff6b6,2022-01-21T15:07:37Z,2,4
gpac/gpac,1,5e1f084,2021-12-13T10:45:29Z,1,5,76caa7f5d069f203c4b8a17ba15185665ae96dde,2021-12-14T14:57:46Z,1,2
gpac/gpac,2,7bcb436a,2021-12-06T08:41:01Z,1,4,2f3c519c7bf161cadcf24e40570ca58f5fc668ca,2021-12-08T10:01:37Z,1,3
gpac/gpac,0,04c6c8f,2021-12-05T11:30:02Z,2,6,7bcb436af55e5ac01f28bd77b6a030f7d9aa145d,2021-12-06T08:41:01Z,1,4
gpac/gpac,0,7bc17e49,2021-10-25T12:49:32Z,10,64,58cb738aa8bf640dbb4fde310b8bf7decd2dfa78,2021-10-25T14:18:07Z,1,8
gpac/gpac,390,09d7ef63,2020-09-29T15:47:07Z,2,129,08da0ccc9e1f4838a505d03f3d23609edfabe158,2021-10-25T14:12:04Z,4,17
gpac/gpac,0,9fd9fe05,2021-10-11T15:42:13Z,3,12,b9158f89f52e527aca97f6b4720c66697bb7a5c6,2021-10-11T21:57:57Z,4,7
gpac/gpac,4,9e14ae6a,2021-10-07T09:23:30Z,2,7,9fd9fe05b420107eb214c59d2df832b661293e1b,2021-10-11T15:42:13Z,3,12
gpac/gpac,0,f97d1561,2021-09-29T15:37:31Z,1,66,905980e05f79e224efd1f3ff992089750ad1ea55,2021-09-30T13:09:10Z,1,2
gpac/gpac,0,fe96c94c,2021-09-23T14:48:19Z,1,1,40b4583f8c2f1e09a353b7956f9f4e4f0e7c566f,2021-09-24T07:01:32Z,2,6
gpac/gpac,5,ff8a086f,2021-09-14T13:39:08Z,1,3,80af694aa0246083f5a90d8402775077a6c49536,2021-09-20T09:41:35Z,1,4
gpac/gpac,0,7bb1b4a4,2021-08-30T14:15:32Z,1,6,d003a572d57940460eb0bffbdbb824b59d4ddac9,2021-08-31T08:05:18Z,1,5
gpac/gpac,0,ca1f79a5,2021-07-13T12:33:16Z,1,43,b4d25ac3bd6e852eb017d941de03ee3dde56cea2,2021-07-13T17:57:30Z,1,2
gpac/gpac,15,db0079c,2021-06-20T10:08:58Z,61,1094,27742acf45d59e4f0db64dd04eeb327be6baccc4,2021-07-05T14:37:02Z,1,8
gpac/gpac,15,db0079c,2021-06-20T10:08:58Z,61,1094,ca4000510c12e5d197d6aab16a807de54b6c9568,2021-07-05T14:33:50Z,1,2
gpac/gpac,0,d699e586,2021-06-07T13:50:32Z,2,40,34b350588bda977b4ddbc77323843b059cfd92b6,2021-06-07T16:29:58Z,1,3
gpac/gpac,0,528d8ee3,2021-06-07T12:58:27Z,4,52,99c6dbd9bbca67a25705858a58fba3157514a72b,2021-06-07T16:29:38Z,3,13
gpac/gpac,3,1392d904,2021-05-28T15:49:14Z,1,16,cbe62b08c82b07a6da7805b862b278aabf2a202c,2021-06-01T14:43:05Z,1,1
gpac/gpac,1,281f990b,2021-04-27T08:23:57Z,1,46,817d073a501b9e32afb6237a4594630ce55bc807,2021-04-28T22:30:19Z,3,25
gpac/gpac,0,b8f8b202,2021-04-23T12:37:01Z,1,2,78a8795859c9b86f34d24a839bd742f121234511,2021-04-23T15:53:56Z,4,29
gpac/gpac,2,bebd291,2021-03-20T04:03:37Z,2,28,7b20f80fb9ad94d35ea41de86534ded494a9a956,2021-03-22T14:01:36Z,3,8
gpac/gpac,21,6c88738,2021-02-23T11:14:40Z,18,1945,a51113217ed8379b1abda0a8bce1d1e0e92b47bd,2021-03-16T12:18:39Z,1,7
gpac/gpac,0,ebfa346e,2021-03-12T10:56:53Z,3,20,4319318d40064fb5402b4e97316d389ab75acb1f,2021-03-12T12:22:56Z,2,4
gpac/gpac,0,653e0d2d,2021-03-11T17:30:31Z,1,11,73f0d29faa26430b88d62cd21c603ffaa47e45c0,2021-03-12T11:51:42Z,1,21
gpac/gpac,0,b59fcfac,2021-03-09T15:41:04Z,12,416,ccd6ea6eda5476c921976cf17c602d85c4c1f88f,2021-03-10T11:16:08Z,3,15
gpac/gpac,8,54f21e3,2021-02-15T09:06:12Z,2,6,da84c99d3c5b6a6b23101c1de8c14bb0d96be903,2021-02-23T15:42:35Z,2,13
gpac/gpac,1,15119f20,2020-12-13T13:03:57Z,6,98,c4f8bc6e61348a951d37756e2d831c0b9c1b2c16,2020-12-14T14:53:16Z,6,73
gpac/gpac,0,6426ef84,2020-12-07T22:15:09Z,6,28,a89d242108f7abf6d099cf983f0fd422ac461cd6,2020-12-08T07:49:03Z,1,2
gpac/gpac,0,9480e090,2020-11-16T14:34:44Z,7,203,8643ce456f588146eb781d05ae0cf77b2aab0c66,2020-11-16T17:02:46Z,1,31
gpac/gpac,0,cfba2d1c,2020-11-12T14:13:42Z,16,147,e93f253b54bd09e0cb3764c99f826e4f8f291110,2020-11-12T16:16:40Z,5,16
gpac/gpac,0,4ef8c11c,2020-11-12T11:18:18Z,6,83,210f598c907f39cafb57a07c989140568d0ce0dd,2020-11-12T14:11:15Z,1,11
gpac/gpac,0,833cea09,2020-10-29T15:00:31Z,9,79,93c5696a3de98a4e4aa561e2ca23019ca29e328b,2020-10-30T09:55:37Z,3,56
gpac/gpac,0,6d229978,2020-10-09T08:55:30Z,6,27,a177f9314f765200a68f5eb51e5edc6561052cb7,2020-10-09T14:16:13Z,2,3
gpac/gpac,0,6692db41,2020-10-08T16:33:55Z,4,14,13b3f61a128837f48df875126812bc1166d3dce1,2020-10-09T07:36:25Z,1,12
gpac/gpac,0,0e6bd1c1,2020-07-31T08:46:28Z,2,25,b4b94447f37d2d730ebf5efde9180a2daf8be4e0,2020-07-31T16:22:43Z,1,17
gpac/gpac,0,9083b187,2020-07-21T14:24:19Z,17,192,cdd98be1f4b40110517f6b31de7a4957a38db9d3,2020-07-22T07:38:59Z,2,13
gpac/gpac,0,47d8bc5b,2020-06-11T14:34:43Z,4,200,588ce9b1dade5e7db703fb9af603184a09ae4494,2020-06-11T19:48:35Z,3,9
gpac/gpac,0,1847fae7,2020-06-08T18:06:22Z,79,660,628060eece28d5bdd4a59011f2a9a228a17831c4,2020-06-09T15:50:27Z,1,3
gpac/gpac,0,211ab52d,2020-06-04T20:05:37Z,5,17,39367c29f21232e61f6883607c1d1c677bc28ccd,2020-06-05T09:08:01Z,9,39
gpac/gpac,12,74bb8692,2020-05-15T07:26:55Z,2,8,5fbc6fd1a38e78b9e9800bcdc1e9e21e461c83e9,2020-05-27T12:25:08Z,2,25
gpac/gpac,0,e5ae4dd2,2020-05-05T14:34:50Z,8,112,848315b39a87a5a813949cea547fa38acf070d18,2020-05-05T16:39:32Z,5,16
gpac/gpac,0,cdc5d3a3,2020-04-16T11:11:02Z,2,16,58f9f135630fb4f5557f36c0b2d87e50f3afcf08,2020-04-16T12:38:10Z,1,4
gpac/gpac,4,f2f3b429,2020-04-09T09:01:31Z,1,39,9a2ca54fa60bf4bf38df7c5fbd6b62f37cd39d84,2020-04-14T07:50:56Z,1,5
gpac/gpac,3,b54a98db,2020-04-06T08:12:31Z,1,74,f2f3b429a6c9021a08bffe25943004081a9e669c,2020-04-09T09:01:31Z,1,39
gpac/gpac,4,14dda31,2020-03-19T14:58:08Z,1,115,9f611c49889958743204c62a3f81b1429067161a,2020-03-23T15:38:45Z,1,51
gpac/gpac,3,2d898eda,2020-03-05T19:11:59Z,1,13,314be05281f2f3300d205f19e71beaeea0538705,2020-03-09T11:12:50Z,2,30
gpac/gpac,0,976ea834,2020-02-04T10:43:25Z,2,11,98508c22626cda8d55339f9d1aecfd3f4600842d,2020-02-04T11:38:52Z,3,8
ElementsProject/lightning,13,6ceb375650af30682027cdc22e6d029b4382f423,2017-11-10T17:57:43Z,2,36,79443d6f94c1db01f69b297b01eca44ebaec4d12,2017-11-23T20:54:19Z,5,63
pgbackrest/pgbackrest,187,c5b5b58,2021-11-03T14:36:31Z,5,165,ef4c4ab8525f81c9ed22c7e82ed12096e81703c5,2022-05-09T14:39:43Z,4,65
pgbackrest/pgbackrest,15,d8d41321,2022-04-05T15:59:12Z,5,229,ea4d73f375558c237fce696f20c19d1efef00bc1,2022-04-20T23:56:26Z,1,4
espruino/Espruino,0,5af2cda721ef045d51e585c69c660287bd10debf,2016-10-13T09:14:19Z,2,11,386d845487cf4ac1b515760f8f0f2a31995c689f,2016-10-13T09:21:14Z,1,12
espruino/Espruino,0,5af2cda721ef045d51e585c69c660287bd10debf,2016-10-13T09:14:19Z,2,11,80c31d6ede52a4e205fb5b6d53a65d71550f790a,2016-10-13T09:21:14Z,1,12
vifm/vifm,231,7f32f8a45b,2024-06-10T08:21:01Z,2,36,631b3cb6950e3c56d5a23449bb43b330fa55e912,2025-01-27T17:15:00Z,3,16
vifm/vifm,213,5497f13d71548631ce4ace8146d166d71adad6b7,2022-07-18T16:43:06Z,2,9,b55977eadc0a479451b57573a6555ab92379e2ec,2023-02-17T10:03:41Z,2,14
vifm/vifm,5,1a5a0571c37cdc81fcfeb7cba763844cd9591320,2019-07-23T20:27:22Z,3,23,31171936614a46e18927da676aea50a232af663e,2019-07-28T20:50:04Z,1,17
vifm/vifm,275,6e8fb6c3379ce9015740530d9bdc5c63b13636be,2016-09-07T20:56:08Z,9,37,d07d7a8975a03f40e2d66f5d7483bcfbf40b0258,2017-06-10T18:00:57Z,1,3
vifm/vifm,92,984c2c12dbec459,2017-02-17T21:39:16Z,3,23,c5edac5cd0a5126216270c8999e2b8df5cf305b5,2017-05-21T12:11:04Z,2,35
vifm/vifm,28,7325b00d,2012-05-05T21:32:44Z,5,73,f6103dd40e7c9a581582da5be431c8abe78e8e53,2012-06-03T10:20:50Z,1,16
util-linux/util-linux,42,5c7b67fbbf41c973ca8d49b1e8bdba22dbb917aa,2018-02-12T13:06:02Z,1,34,651c5d428c2ef103ee8c5b1a310d6f29f0304744,2018-03-27T08:40:13Z,4,43
DynamoRIO/dynamorio,0,99fd6ce,2019-04-19T17:07:09Z,17,889,b42d587368bce2ed0c9d4523f930f263dbd05108,2019-04-19T19:01:36Z,2,5
DynamoRIO/dynamorio,0,3bc33154,2018-02-28T06:58:57Z,14,173,70998c5c67ddd08af458f0f29aa5830a0729a0c0,2018-03-01T06:05:48Z,2,9
DynamoRIO/dynamorio,6,184dd8b,2016-12-01T20:46:36Z,19,501,e2e27e0477e7709fd7a6cb1b55f21d0a9148441e,2016-12-07T23:38:54Z,1,2
DynamoRIO/dynamorio,33,33702a5,2015-06-30T22:03:27Z,5,122,1a7e168def6cadd84d141d5e24f545f1936403e5,2015-08-03T17:47:04Z,1,6
OpenSC/OpenSC,74,45ad44e,2018-03-19T14:25:14Z,10,69,6dfeb9959ffd98f0cd044fa98ad3f29d676cd293,2018-06-01T17:05:56Z,1,2
cleanflight/cleanflight,8,c06fd78b834582349e1aaed07f582ae0c9fd3462,2014-10-28T15:49:02Z,1,2,db36cfe12e70171c8d986b8587e2183dad0dc156,2014-11-05T19:39:13Z,6,28
saitoha/libsixel,0,0221665,2014-09-26T13:37:39Z,3,51,908c8eb3721e34150ddd939a113703b7532eee6c,2014-09-26T13:51:41Z,1,4
xiph/opus,3,220a7d4b,2011-10-02T00:30:16Z,2,69,e98f1f50032f09b196879eeec55ad42200eefd1a,2011-10-05T05:59:28Z,2,6
xiph/opus,0,e5736ae2,2011-09-05T14:28:27Z,2,13,7d1df73ff296caf762660952a3950091bef90d25,2011-09-05T15:28:28Z,1,3
xiph/opus,0,30df6cf3,2010-12-21T16:42:26Z,10,484,4e955ed3794f37c91a699e25b97de71cb08077ad,2010-12-22T00:36:31Z,1,2
asterisk/asterisk,2591,776a14386a55b5425c7e9617eff8af8b45427144,2009-10-22T19:55:51Z,4,649,0b588778c0d2400e53e7dff6a3a270579acd51d6,2016-11-26T16:57:03Z,2,12
asterisk/asterisk,1248,2dc8a060064f359a17f5ebcd515d85fe5203c019,2013-06-06T21:40:35Z,16,7258,fbbbd0add9c180b000309da5c00d582a51d73734,2016-11-06T09:46:30Z,1,2
asterisk/asterisk,26,3cf0f29310,2015-09-10T22:19:26Z,1,171,4bf395e81e91f12809ef9900ef6716d4cb1a2fd5,2015-10-07T01:43:58Z,1,2
asterisk/asterisk,1,0b6410c4f8,2015-04-28T10:38:30Z,2,8,39d3e1ef6e4ab4a5fd64418a01bd1a3cedef699e,2015-04-29T21:15:43Z,1,5
open-mpi/ompi,23,eed7b45db59b356f6257f3b019e77643f14f84ce,2014-10-07T17:45:22Z,5,73,672d96704cc165b91c7bcf263e97704affcd5f20,2014-10-31T05:16:11Z,1,8
FreeRDP/Remmina,0,2609548e,2022-02-10T11:22:34Z,2,4,9ed4c438dfb6522c4865362ce3e65bfa169988e8,2022-02-10T11:24:58Z,1,2
TinyCC/tinycc,50,6245db9,2016-10-16T09:03:57Z,1,6,e0fe69050d2df59da7370875c4f5eb557618e20c,2016-12-05T23:29:25Z,1,4
d0k3/GodMode9,0,bfc3363,2018-10-01T21:51:05Z,4,35,e477ec0a180aaedb504ee5e6bf9a89a947b898a9,2018-10-02T16:42:04Z,2,17
proot-me/proot,11,d2175fc3,2012-01-23T10:50:57Z,6,209,531ea14d224413a9b7ffb6f598434eac1e4aa909,2012-02-03T18:37:55Z,6,26
rsyslog/rsyslog,57,9ac56b286,2024-09-15T13:24:28Z,1,12,9bc4c49d0705db2656a56fe14a5a2cfe3f6c9ac2,2024-11-12T09:54:00Z,1,1
rsyslog/rsyslog,50,2d15cbc8221e385c5aa821e4a851d7498ed81850,2018-09-20T08:39:47Z,3,89,9e520b07a554c30b63e76e87f7cee63050ccc1a4,2018-11-09T14:04:28Z,1,2
limine-bootloader/limine,0,25e1194,2021-09-01T21:34:31Z,1,5,411d735e919d59432b017a3f9568cbd7280ae329,2021-09-02T15:34:59Z,1,28
limine-bootloader/limine,0,25e1194,2021-09-01T21:34:31Z,1,5,62198ba1b04a5d3c5a64943cfe481e6bffd11f4d,2021-09-02T09:53:43Z,1,28
chocolate-doom/chocolate-doom,163,b0585fa6,2015-12-25T12:33:59Z,1,2,0cd3b7e5f8634468676b3b6ff1a525837bf3de2d,2016-06-05T15:45:26Z,1,2
TrungNguyen1909/qemu-t8030,802,2f2b18f60bf1,2018-12-03T07:05:17Z,1,12,df72184ec15829053b3bb5a0d5801773b6d9ec25,2021-02-12T13:52:50Z,1,19
TrungNguyen1909/qemu-t8030,365,cd5ff8333a,2019-06-10T13:10:07Z,6,12,32a354dc6c07d766e70b51f42a62d8cd479e3f82,2020-06-09T13:56:35Z,8,60
TrungNguyen1909/qemu-t8030,372,e6df58a5,2019-05-08T21:18:18Z,1,3,0eaf453ebf6788885fbb5d40426b154ef8805407,2020-05-15T06:36:07Z,1,6
TrungNguyen1909/qemu-t8030,164,848a1cc1e,2018-03-11T03:02:13Z,1,56,dbb6da8ba7e02105bdbb33b527e088249c9843c8,2018-08-22T09:46:44Z,1,73
TrungNguyen1909/qemu-t8030,187,15fa08f845,2017-11-02T14:19:14Z,12,234,abebf92597186be2bc48d487235da28b1127860f,2018-05-08T19:18:59Z,2,11
TrungNguyen1909/qemu-t8030,133,d62644b4,2017-11-14T23:23:34Z,1,70,4ae4bf5bb16bd8e5b94433db9fe8265d30c53ba3,2018-03-28T16:36:25Z,1,34
TrungNguyen1909/qemu-t8030,298,42043e4,2017-01-27T12:24:58Z,3,75,6dd836f5d32b989e18c6dda655a26f4d73a52f6a,2017-11-21T20:16:43Z,1,4
TrungNguyen1909/qemu-t8030,26,6063d4c0,2017-09-13T16:04:55Z,2,16,b8e999673bd479eed7e71a5e8bc468bca4e31d7d,2017-10-09T19:50:59Z,5,111
TrungNguyen1909/qemu-t8030,417,aab9913,2016-05-12T03:48:21Z,2,13,82a93a1d307064f35c363f79b04b0a0149ac53d9,2017-07-03T10:20:53Z,2,26
TrungNguyen1909/qemu-t8030,6,9b6a3ea7a699594,2016-10-04T12:28:10Z,1,7,fb0e8e79a9d77ee240dbca036fa8698ce654e5d1,2016-10-10T15:26:03Z,2,36
TrungNguyen1909/qemu-t8030,171,595a4f07,2015-07-15T05:37:43Z,2,87,349a3b1cc9023f67f8fa336cb3c4a8f21a4aaaf3,2016-01-02T08:02:20Z,1,8
TrungNguyen1909/qemu-t8030,13,5d24ee70bcbcf578614193526bcd5ed30a8eb16c,2014-01-02T02:46:59Z,2,28,d32934c84c72f57e78d430c22974677b7bcabe5d,2014-01-15T03:37:09Z,1,8
TrungNguyen1909/qemu-t8030,13,39097daf15c42243742667607d2cad2c9dc4f764,2013-03-01T17:40:27Z,3,210,4f306496183d81aed4b43762cf3bfd6e054de767,2013-03-15T05:04:39Z,1,4
TrungNguyen1909/qemu-t8030,5,fb6d1bbd246c7a57ef53d3847ef225cd1349d602,2013-02-08T07:49:10Z,1,11,8a8f5840082eb65d140ccfe7b128c92390cce1c3,2013-02-13T08:25:34Z,1,4
TrungNguyen1909/qemu-t8030,320,b9d03e352cb6b31a66545763f6a1e20c9abf0c2c,2012-03-22T10:02:24Z,1,45,ddcb73b7782cb6104479503faea04cc224f982b5,2013-02-05T19:00:21Z,1,42
TrungNguyen1909/qemu-t8030,25,f90c2bcd,2012-07-04T04:39:27Z,25,130,5e59b024351f827f903f98ae522687ea53dc4f23,2012-07-29T14:03:19Z,33,585
TrungNguyen1909/qemu-t8030,224,80376c3fc2c38fdd45354e4b0eb45031f35587ed,2010-12-20T05:33:35Z,3,20,2da8bb92fb128e686dc9e055defbc5652f7c001d,2011-08-02T01:59:13Z,1,14
TrungNguyen1909/qemu-t8030,5,0bfcd599e3f5c5679cc7d0165a0a1822e2f60de2,2010-05-22T08:02:12Z,14,127,29f91781bd300b228d9c38b9f6c1e0b6a38f25fb,2010-05-27T12:26:05Z,1,2
TrungNguyen1909/qemu-t8030,22,703e0e89,2010-03-19T21:21:13Z,3,27,81bbe906c89b6b7af58a1eeb96ec5a0bfdc3386f,2010-04-11T19:07:35Z,3,41
TrungNguyen1909/qemu-t8030,286,869a5c6d,2009-01-22T19:52:25Z,2,172,49c3c8dca7b324d0aed590bb747be2179cc631cc,2009-11-05T12:08:59Z,1,2
